step_index,timestamp_sec,flight_phase,message_type,criticality,latency_budget_ms,observed_packet_rate_hz,channel_bit_error_rate,replay_attempt_count,auth_failure_count,integrity_failure_count,aad_tamper_count,transcript_anomaly_count,ai_threat_level,ai_threat_score,ai_confidence,confidence_status,anomaly_score,anomaly_severity,is_anomaly,forecast_trend,forecast_rate_of_change,preemptive_flag,previous_construction,selected_construction,transition_type,dwell_counter,safety_override_triggered,explainable_reason,measured_handshake_latency_ms,measured_encap_latency_ms,measured_sign_latency_ms,measured_total_latency_ms,security_margin_bits,energy_cost_uj,deadline_met,scenario_id,scenario_name
1,0.0,GROUND_OPS,FLIGHT_PLAN,IMPORTANT,5000.0,25.0,0.0001,0,0,0,0,0,NORMAL,9.15,0.9539,HIGH_CONFIDENCE,18.24,NOMINAL,False,STABLE,0.0,False,ADAPTIVE-STANDARD-V1,ADAPTIVE-BALANCED-V1,INITIAL,0,False,Mode C: Initial profile established: ADAPTIVE-BALANCED-V1.,58.8785,2.1022,0.3151,61.2958,192,310.0,True,SCN-001,SCN-001: Routine Peaceful Flight
2,2.0,GROUND_OPS,FLIGHT_PLAN,IMPORTANT,5000.0,25.596007992385182,0.00015000000000000001,0,0,0,0,0,NORMAL,10.04,0.9544,HIGH_CONFIDENCE,18.24,NOMINAL,False,MODERATE_INCREASE,0.89,False,ADAPTIVE-BALANCED-V1,ADAPTIVE-BALANCED-V1,STABLE,0,False,Mode C: Profile maintained at ADAPTIVE-BALANCED-V1.,8.0795,0.3063,0.823,1.1293,192,310.0,True,SCN-001,SCN-001: Routine Peaceful Flight
3,4.0,GROUND_OPS,FLIGHT_PLAN,IMPORTANT,5000.0,26.16825502692595,0.0002,0,0,0,0,0,NORMAL,9.96,0.9548,HIGH_CONFIDENCE,18.24,NOMINAL,False,STABLE,0.244,False,ADAPTIVE-BALANCED-V1,ADAPTIVE-BALANCED-V1,STABLE,0,False,Mode C: Profile maintained at ADAPTIVE-BALANCED-V1.,17.2405,0.3364,0.3012,0.6376,192,310.0,True,SCN-001,SCN-001: Routine Peaceful Flight
4,6.0,GROUND_OPS,FLIGHT_PLAN,IMPORTANT,5000.0,26.693927420185105,0.0001,0,0,0,0,0,NORMAL,9.06,0.954,HIGH_CONFIDENCE,18.24,NOMINAL,False,STABLE,-0.273,False,ADAPTIVE-BALANCED-V1,ADAPTIVE-BALANCED-V1,STABLE,0,False,Mode C: Profile maintained at ADAPTIVE-BALANCED-V1.,12.001,0.2783,0.1893,0.4676,192,310.0,True,SCN-001,SCN-001: Routine Peaceful Flight
5,8.0,GROUND_OPS,FLIGHT_PLAN,IMPORTANT,5000.0,27.152068272698568,0.00015000000000000001,0,0,0,0,0,NORMAL,9.95,0.9544,HIGH_CONFIDENCE,18.24,NOMINAL,False,STABLE,0.064,False,ADAPTIVE-BALANCED-V1,ADAPTIVE-BALANCED-V1,STABLE,0,False,Mode C: Profile maintained at ADAPTIVE-BALANCED-V1.,13.3372,0.3723,0.2001,0.5724,192,310.0,True,SCN-001,SCN-001: Routine Peaceful Flight
6,10.0,TAKEOFF,FLIGHT_PLAN,IMPORTANT,5000.0,27.52441295442369,0.0002,0,0,0,0,0,NORMAL,9.87,0.9549,HIGH_CONFIDENCE,18.24,NOMINAL,False,STABLE,0.073,False,ADAPTIVE-BALANCED-V1,ADAPTIVE-BALANCED-V1,STABLE,0,False,Mode C: Profile maintained at ADAPTIVE-BALANCED-V1.,10.4996,0.331,0.2192,0.5502,192,310.0,True,SCN-001,SCN-001: Routine Peaceful Flight
7,12.0,TAKEOFF,FLIGHT_PLAN,IMPORTANT,5000.0,27.796117257901678,0.0001,0,0,0,0,0,NORMAL,9.06,0.954,HIGH_CONFIDENCE,18.24,NOMINAL,False,STABLE,-0.084,False,ADAPTIVE-BALANCED-V1,ADAPTIVE-BALANCED-V1,STABLE,0,False,Mode C: Profile maintained at ADAPTIVE-BALANCED-V1.,9.3203,0.2909,0.1887,0.4796,192,310.0,True,SCN-001,SCN-001: Routine Peaceful Flight
8,14.0,TAKEOFF,FLIGHT_PLAN,IMPORTANT,5000.0,27.95634918996538,0.00015000000000000001,0,0,0,0,0,NORMAL,9.95,0.9545,HIGH_CONFIDENCE,18.24,NOMINAL,False,STABLE,0.016,False,ADAPTIVE-BALANCED-V1,ADAPTIVE-BALANCED-V1,STABLE,0,False,Mode C: Profile maintained at ADAPTIVE-BALANCED-V1.,8.0142,0.2668,0.1883,0.45509999999999995,192,310.0,True,SCN-001,SCN-001: Routine Peaceful Flight
9,16.0,TAKEOFF,FLIGHT_PLAN,IMPORTANT,5000.0,27.998720809124514,0.0002,0,0,0,0,0,NORMAL,9.84,0.9549,HIGH_CONFIDENCE,18.24,NOMINAL,False,STABLE,0.032,False,ADAPTIVE-BALANCED-V1,ADAPTIVE-BALANCED-V1,STABLE,0,False,Mode C: Profile maintained at ADAPTIVE-BALANCED-V1.,11.2387,0.3459,0.9843,1.3302,192,310.0,True,SCN-001,SCN-001: Routine Peaceful Flight
10,18.0,TAKEOFF,FLIGHT_PLAN,IMPORTANT,5000.0,27.921542892634584,0.0001,0,0,0,0,0,NORMAL,9.06,0.954,HIGH_CONFIDENCE,18.24,NOMINAL,False,STABLE,-0.041,False,ADAPTIVE-BALANCED-V1,ADAPTIVE-BALANCED-V1,STABLE,0,False,Mode C: Profile maintained at ADAPTIVE-BALANCED-V1.,16.3075,0.3168,0.2263,0.5431,192,310.0,True,SCN-001,SCN-001: Routine Peaceful Flight
11,20.0,CRUISE,AIRCRAFT_STATUS,ROUTINE,5000.0,27.727892280477043,0.00015000000000000001,0,0,0,0,0,NORMAL,8.65,0.9821,HIGH_CONFIDENCE,18.24,NOMINAL,False,STABLE,-0.129,False,ADAPTIVE-BALANCED-V1,ADAPTIVE-BALANCED-V1,DOWNGRADE_HELD,1,False,Mode C: Anti-oscillation hold active: candidate ADAPTIVE-STANDARD-V1 requires lower assurance than active ADAPTIVE-BALANCED-V1. Retaining ADAPTIVE-BALANCED-V1 (dwell count 1/3).,15.0353,0.3031,0.191,0.4941,192,310.0,True,SCN-001,SCN-001: Routine Peaceful Flight
12,22.0,CRUISE,AIRCRAFT_STATUS,ROUTINE,5000.0,27.42548921145877,0.0002,0,0,0,0,0,NORMAL,8.4,0.9822,HIGH_CONFIDENCE,18.24,NOMINAL,False,STABLE,-0.177,False,ADAPTIVE-BALANCED-V1,ADAPTIVE-BALANCED-V1,DOWNGRADE_HELD,2,False,Mode C: Anti-oscillation hold active: candidate ADAPTIVE-STANDARD-V1 requires lower assurance than active ADAPTIVE-BALANCED-V1. Retaining ADAPTIVE-BALANCED-V1 (dwell count 2/3).,19.0563,0.2978,0.2432,0.541,192,310.0,True,SCN-001,SCN-001: Routine Peaceful Flight
13,24.0,CRUISE,AIRCRAFT_STATUS,ROUTINE,5000.0,27.02638954165345,0.0001,0,0,0,0,0,NORMAL,8.76,0.9818,HIGH_CONFIDENCE,18.24,NOMINAL,False,STABLE,-0.155,False,ADAPTIVE-BALANCED-V1,ADAPTIVE-STANDARD-V1,DOWNGRADE_EXECUTED,0,False,Mode C: Safe downgrade executed from ADAPTIVE-BALANCED-V1 to ADAPTIVE-STANDARD-V1 after 3 consecutive stable low-threat steps. Selected ADAPTIVE-STANDARD-V1 (STANDARD) for ROUTINE traffic under NORMAL threat. All safety invariants and latency constraints are satisfied.,11.0318,3.9451,0.2127,15.1896,128,185.0,True,SCN-001,SCN-001: Routine Peaceful Flight
14,26.0,CRUISE,AIRCRAFT_STATUS,ROUTINE,5000.0,26.546504115464394,0.00015000000000000001,0,0,0,0,0,NORMAL,8.65,0.9821,HIGH_CONFIDENCE,18.24,NOMINAL,False,STABLE,-0.159,False,ADAPTIVE-STANDARD-V1,ADAPTIVE-STANDARD-V1,STABLE,0,False,Mode C: Profile maintained at ADAPTIVE-STANDARD-V1.,10.2998,0.2793,0.1961,0.4754,128,185.0,True,SCN-001,SCN-001: Routine Peaceful Flight
15,28.0,CRUISE,AIRCRAFT_STATUS,ROUTINE,5000.0,26.004964450467714,0.0002,0,0,0,0,0,NORMAL,8.4,0.9822,HIGH_CONFIDENCE,18.24,NOMINAL,False,STABLE,-0.152,False,ADAPTIVE-STANDARD-V1,ADAPTIVE-STANDARD-V1,STABLE,0,False,Mode C: Profile maintained at ADAPTIVE-STANDARD-V1.,7.3356,0.2762,0.1957,0.4719,128,185.0,True,SCN-001,SCN-001: Routine Peaceful Flight
16,30.0,CRUISE,AIRCRAFT_STATUS,ROUTINE,5000.0,25.4233600241796,0.0001,0,0,0,0,0,NORMAL,8.76,0.9818,HIGH_CONFIDENCE,18.24,NOMINAL,False,STABLE,-0.097,False,ADAPTIVE-STANDARD-V1,ADAPTIVE-STANDARD-V1,STABLE,0,False,Mode C: Profile maintained at ADAPTIVE-STANDARD-V1.,6.5024,0.2657,0.204,0.4697,128,185.0,True,SCN-001,SCN-001: Routine Peaceful Flight
17,32.0,CRUISE,AIRCRAFT_STATUS,ROUTINE,5000.0,24.82487756971726,0.00015000000000000001,0,0,0,0,0,NORMAL,8.65,0.982,HIGH_CONFIDENCE,18.24,NOMINAL,False,STABLE,-0.08,False,ADAPTIVE-STANDARD-V1,ADAPTIVE-STANDARD-V1,STABLE,0,False,Mode C: Profile maintained at ADAPTIVE-STANDARD-V1.,6.2592,0.2615,0.216,0.47750000000000004,128,185.0,True,SCN-001,SCN-001: Routine Peaceful Flight
18,34.0,CRUISE,AIRCRAFT_STATUS,ROUTINE,5000.0,24.233376693919507,0.0002,0,0,0,0,0,NORMAL,8.4,0.9822,HIGH_CONFIDENCE,18.24,NOMINAL,False,STABLE,-0.063,False,ADAPTIVE-STANDARD-V1,ADAPTIVE-STANDARD-V1,STABLE,0,False,Mode C: Profile maintained at ADAPTIVE-STANDARD-V1.,10.198,0.79,0.2289,1.0189,128,185.0,True,SCN-001,SCN-001: Routine Peaceful Flight
19,36.0,CRUISE,AIRCRAFT_STATUS,ROUTINE,5000.0,23.672438670115444,0.0001,0,0,0,0,0,NORMAL,8.76,0.9818,HIGH_CONFIDENCE,18.24,NOMINAL,False,STABLE,-0.005,False,ADAPTIVE-STANDARD-V1,ADAPTIVE-STANDARD-V1,STABLE,0,False,Mode C: Profile maintained at ADAPTIVE-STANDARD-V1.,7.5277,0.3393,0.4979,0.8371999999999999,128,185.0,True,SCN-001,SCN-001: Routine Peaceful Flight
20,38.0,CRUISE,AIRCRAFT_STATUS,ROUTINE,5000.0,23.164426327171842,0.00015000000000000001,0,0,0,0,0,NORMAL,8.65,0.9819,HIGH_CONFIDENCE,18.24,NOMINAL,False,STABLE,0.01,False,ADAPTIVE-STANDARD-V1,ADAPTIVE-STANDARD-V1,STABLE,0,False,Mode C: Profile maintained at ADAPTIVE-STANDARD-V1.,20.0631,0.2882,0.2873,0.5755,128,185.0,True,SCN-001,SCN-001: Routine Peaceful Flight
21,40.0,CRUISE,AIRCRAFT_STATUS,ROUTINE,5000.0,22.729592514076217,0.0002,0,0,0,0,0,NORMAL,8.4,0.9821,HIGH_CONFIDENCE,18.24,NOMINAL,False,STABLE,-0.013,False,ADAPTIVE-STANDARD-V1,ADAPTIVE-STANDARD-V1,STABLE,0,False,Mode C: Profile maintained at ADAPTIVE-STANDARD-V1.,5.7583,0.2404,0.1844,0.4248,128,185.0,True,SCN-001,SCN-001: Routine Peaceful Flight
22,42.0,CRUISE,AIRCRAFT_STATUS,ROUTINE,5000.0,22.385272682759236,0.0001,0,0,0,0,0,NORMAL,8.78,0.9818,HIGH_CONFIDENCE,18.24,NOMINAL,False,STABLE,0.005,False,ADAPTIVE-STANDARD-V1,ADAPTIVE-STANDARD-V1,STABLE,0,False,Mode C: Profile maintained at ADAPTIVE-STANDARD-V1.,6.4962,0.3886,0.328,0.7166,128,185.0,True,SCN-001,SCN-001: Routine Peaceful Flight
23,44.0,CRUISE,AIRCRAFT_STATUS,ROUTINE,5000.0,22.145193778331453,0.00015000000000000001,0,0,0,0,0,NORMAL,8.66,0.9819,HIGH_CONFIDENCE,18.24,NOMINAL,False,STABLE,0.011,False,ADAPTIVE-STANDARD-V1,ADAPTIVE-STANDARD-V1,STABLE,0,False,Mode C: Profile maintained at ADAPTIVE-STANDARD-V1.,29.6002,0.2827,0.2147,0.4974,128,185.0,True,SCN-001,SCN-001: Routine Peaceful Flight
24,46.0,CRUISE,AIRCRAFT_STATUS,ROUTINE,5000.0,22.018926989099604,0.0002,0,0,0,0,0,NORMAL,8.42,0.9821,HIGH_CONFIDENCE,18.24,NOMINAL,False,STABLE,-0.01,False,ADAPTIVE-STANDARD-V1,ADAPTIVE-STANDARD-V1,STABLE,0,False,Mode C: Profile maintained at ADAPTIVE-STANDARD-V1.,5.2401,0.2293,0.1631,0.39239999999999997,128,185.0,True,SCN-001,SCN-001: Routine Peaceful Flight
25,48.0,CRUISE,AIRCRAFT_STATUS,ROUTINE,5000.0,22.011506173492478,0.0001,0,0,0,0,0,NORMAL,8.78,0.9817,HIGH_CONFIDENCE,18.24,NOMINAL,False,STABLE,0.006,False,ADAPTIVE-STANDARD-V1,ADAPTIVE-STANDARD-V1,STABLE,0,False,Mode C: Profile maintained at ADAPTIVE-STANDARD-V1.,6.1501,0.4884,0.1953,0.6837,128,185.0,True,SCN-001,SCN-001: Routine Peaceful Flight
26,50.0,APPROACH,FLIGHT_PLAN,IMPORTANT,5000.0,22.123227176010584,0.00015000000000000001,0,0,0,0,0,NORMAL,10.04,0.9541,HIGH_CONFIDENCE,18.24,NOMINAL,False,STABLE,0.144,False,ADAPTIVE-STANDARD-V1,ADAPTIVE-BALANCED-V1,ESCALATION,0,False,Mode C: Immediate security escalation from ADAPTIVE-STANDARD-V1 to ADAPTIVE-BALANCED-V1. Selected ADAPTIVE-BALANCED-V1 (BALANCED) for IMPORTANT traffic under NORMAL threat. All safety invariants and latency constraints are satisfied.,20.6417,0.3236,2.9887,23.954,192,310.0,True,SCN-001,SCN-001: Routine Peaceful Flight
27,52.0,APPROACH,FLIGHT_PLAN,IMPORTANT,5000.0,22.34963603283954,0.0002,0,0,0,0,0,NORMAL,9.96,0.9545,HIGH_CONFIDENCE,18.24,NOMINAL,False,STABLE,0.205,False,ADAPTIVE-BALANCED-V1,ADAPTIVE-BALANCED-V1,STABLE,0,False,Mode C: Profile maintained at ADAPTIVE-BALANCED-V1.,13.412,3.0628,0.2738,3.3366000000000002,192,310.0,True,SCN-001,SCN-001: Routine Peaceful Flight
28,54.0,APPROACH,FLIGHT_PLAN,IMPORTANT,5000.0,22.68170653733204,0.0001,0,0,0,0,0,NORMAL,9.15,0.9537,HIGH_CONFIDENCE,18.24,NOMINAL,False,STABLE,0.141,False,ADAPTIVE-BALANCED-V1,ADAPTIVE-BALANCED-V1,STABLE,0,False,Mode C: Profile maintained at ADAPTIVE-BALANCED-V1.,18.8849,0.3199,0.2408,0.5607,192,310.0,True,SCN-001,SCN-001: Routine Peaceful Flight
29,56.0,APPROACH,FLIGHT_PLAN,IMPORTANT,5000.0,23.106200086383037,0.00015000000000000001,0,0,0,0,0,NORMAL,10.04,0.9541,HIGH_CONFIDENCE,18.24,NOMINAL,False,STABLE,0.183,False,ADAPTIVE-BALANCED-V1,ADAPTIVE-BALANCED-V1,STABLE,0,False,Mode C: Profile maintained at ADAPTIVE-BALANCED-V1.,16.8973,4.4459,0.2755,4.7214,192,310.0,True,SCN-001,SCN-001: Routine Peaceful Flight
30,58.0,APPROACH,FLIGHT_PLAN,IMPORTANT,5000.0,23.60619346175873,0.0002,0,0,0,0,0,NORMAL,9.96,0.9546,HIGH_CONFIDENCE,18.24,NOMINAL,False,STABLE,0.181,False,ADAPTIVE-BALANCED-V1,ADAPTIVE-BALANCED-V1,STABLE,0,False,Mode C: Profile maintained at ADAPTIVE-BALANCED-V1.,23.0499,0.2907,0.2402,0.5309,192,310.0,True,SCN-001,SCN-001: Routine Peaceful Flight
31,60.0,LANDING,FLIGHT_PLAN,IMPORTANT,5000.0,24.161753505403222,0.0001,0,0,0,0,0,NORMAL,9.15,0.9538,HIGH_CONFIDENCE,18.24,NOMINAL,False,STABLE,0.078,False,ADAPTIVE-BALANCED-V1,ADAPTIVE-BALANCED-V1,STABLE,0,False,Mode C: Profile maintained at ADAPTIVE-BALANCED-V1.,25.267,0.3522,0.2559,0.6081000000000001,192,310.0,True,SCN-001,SCN-001: Routine Peaceful Flight
32,62.0,LANDING,FLIGHT_PLAN,IMPORTANT,5000.0,24.750731791547512,0.00015000000000000001,0,0,0,0,0,NORMAL,10.04,0.9542,HIGH_CONFIDENCE,18.24,NOMINAL,False,STABLE,0.098,False,ADAPTIVE-BALANCED-V1,ADAPTIVE-BALANCED-V1,STABLE,0,False,Mode C: Profile maintained at ADAPTIVE-BALANCED-V1.,34.9044,0.3882,0.1925,0.5807,192,310.0,True,SCN-001,SCN-001: Routine Peaceful Flight
33,64.0,LANDING,FLIGHT_PLAN,IMPORTANT,5000.0,25.349647614551483,0.0002,0,0,0,0,0,NORMAL,9.96,0.9548,HIGH_CONFIDENCE,18.24,NOMINAL,False,STABLE,0.086,False,ADAPTIVE-BALANCED-V1,ADAPTIVE-BALANCED-V1,STABLE,0,False,Mode C: Profile maintained at ADAPTIVE-BALANCED-V1.,12.6395,0.3231,0.2139,0.537,192,310.0,True,SCN-001,SCN-001: Routine Peaceful Flight
34,66.0,LANDING,FLIGHT_PLAN,IMPORTANT,5000.0,25.934624090540137,0.0001,0,0,0,0,0,NORMAL,9.15,0.9539,HIGH_CONFIDENCE,18.24,NOMINAL,False,STABLE,-0.021,False,ADAPTIVE-BALANCED-V1,ADAPTIVE-BALANCED-V1,STABLE,0,False,Mode C: Profile maintained at ADAPTIVE-BALANCED-V1.,10.5363,0.2874,2.2149,2.5023,192,310.0,True,SCN-001,SCN-001: Routine Peaceful Flight
35,68.0,LANDING,FLIGHT_PLAN,IMPORTANT,5000.0,26.482340053415825,0.00015000000000000001,0,0,0,0,0,NORMAL,10.04,0.9544,HIGH_CONFIDENCE,18.24,NOMINAL,False,STABLE,0.001,False,ADAPTIVE-BALANCED-V1,ADAPTIVE-BALANCED-V1,STABLE,0,False,Mode C: Profile maintained at ADAPTIVE-BALANCED-V1.,13.8036,0.3213,0.2662,0.5874999999999999,192,310.0,True,SCN-001,SCN-001: Routine Peaceful Flight
1,0.0,CRUISE,NAV_WAYPOINT_UPDATE,IMPORTANT,5000.0,35.0,0.0005,0,0,0,0,0,NORMAL,16.08,0.9578,HIGH_CONFIDENCE,35.84,LOW,False,STABLE,0.0,False,ADAPTIVE-STANDARD-V1,ADAPTIVE-BALANCED-V1,INITIAL,0,False,Mode C: Initial profile established: ADAPTIVE-BALANCED-V1.,12.4299,0.2521,0.1849,12.8669,192,310.0,True,SCN-002,SCN-002: GPS Spoofing & Replay Attack
2,2.0,CRUISE,NAV_WAYPOINT_UPDATE,IMPORTANT,5000.0,35.0,0.0005,0,0,0,0,0,NORMAL,16.08,0.9578,HIGH_CONFIDENCE,35.84,LOW,False,STABLE,-0.0,False,ADAPTIVE-BALANCED-V1,ADAPTIVE-BALANCED-V1,STABLE,0,False,Mode C: Profile maintained at ADAPTIVE-BALANCED-V1.,20.9595,0.3083,0.2269,0.5352,192,310.0,True,SCN-002,SCN-002: GPS Spoofing & Replay Attack
3,4.0,CRUISE,NAV_WAYPOINT_UPDATE,IMPORTANT,5000.0,35.0,0.0005,0,0,0,0,0,NORMAL,16.08,0.9578,HIGH_CONFIDENCE,35.84,LOW,False,STABLE,-0.0,False,ADAPTIVE-BALANCED-V1,ADAPTIVE-BALANCED-V1,STABLE,0,False,Mode C: Profile maintained at ADAPTIVE-BALANCED-V1.,9.0412,0.6946,0.2666,0.9612,192,310.0,True,SCN-002,SCN-002: GPS Spoofing & Replay Attack
4,6.0,CRUISE,NAV_WAYPOINT_UPDATE,IMPORTANT,5000.0,35.0,0.0005,0,0,0,0,0,NORMAL,16.08,0.9578,HIGH_CONFIDENCE,35.84,LOW,False,STABLE,0.0,False,ADAPTIVE-BALANCED-V1,ADAPTIVE-BALANCED-V1,STABLE,0,False,Mode C: Profile maintained at ADAPTIVE-BALANCED-V1.,9.8175,0.3088,0.2011,0.5099,192,310.0,True,SCN-002,SCN-002: GPS Spoofing & Replay Attack
5,8.0,CRUISE,NAV_WAYPOINT_UPDATE,IMPORTANT,5000.0,35.0,0.0005,0,0,0,0,0,NORMAL,16.08,0.9578,HIGH_CONFIDENCE,35.84,LOW,False,STABLE,0.0,False,ADAPTIVE-BALANCED-V1,ADAPTIVE-BALANCED-V1,STABLE,0,False,Mode C: Profile maintained at ADAPTIVE-BALANCED-V1.,9.2033,0.2799,0.3278,0.6076999999999999,192,310.0,True,SCN-002,SCN-002: GPS Spoofing & Replay Attack
6,10.0,CRUISE,NAV_WAYPOINT_UPDATE,IMPORTANT,5000.0,35.0,0.0005,0,0,0,0,0,NORMAL,16.08,0.9578,HIGH_CONFIDENCE,35.84,LOW,False,STABLE,0.0,False,ADAPTIVE-BALANCED-V1,ADAPTIVE-BALANCED-V1,STABLE,0,False,Mode C: Profile maintained at ADAPTIVE-BALANCED-V1.,25.9716,0.3972,0.2477,0.6449,192,310.0,True,SCN-002,SCN-002: GPS Spoofing & Replay Attack
7,12.0,CRUISE,NAV_WAYPOINT_UPDATE,IMPORTANT,5000.0,35.0,0.0005,0,0,0,0,0,NORMAL,16.08,0.9578,HIGH_CONFIDENCE,35.84,LOW,False,STABLE,0.0,False,ADAPTIVE-BALANCED-V1,ADAPTIVE-BALANCED-V1,STABLE,0,False,Mode C: Profile maintained at ADAPTIVE-BALANCED-V1.,17.4545,0.315,0.1706,0.48560000000000003,192,310.0,True,SCN-002,SCN-002: GPS Spoofing & Replay Attack
8,14.0,CRUISE,NAV_WAYPOINT_UPDATE,IMPORTANT,5000.0,35.0,0.0005,0,0,0,0,0,NORMAL,16.08,0.9578,HIGH_CONFIDENCE,35.84,LOW,False,STABLE,-0.0,False,ADAPTIVE-BALANCED-V1,ADAPTIVE-BALANCED-V1,STABLE,0,False,Mode C: Profile maintained at ADAPTIVE-BALANCED-V1.,12.6658,0.3028,1.9439,2.2467,192,310.0,True,SCN-002,SCN-002: GPS Spoofing & Replay Attack
9,16.0,CRUISE,NAV_WAYPOINT_UPDATE,CRITICAL,5000.0,75.0,0.008,4,2,1,0,0,NORMAL,47.71,0.6783,LOW_CONFIDENCE_FALLBACK,100.0,CRITICAL,True,RAPID_ESCALATION,3.666,True,ADAPTIVE-BALANCED-V1,ADAPTIVE-CRITICAL-V1,ESCALATION,0,True,Mode C: Immediate security escalation from ADAPTIVE-BALANCED-V1 to ADAPTIVE-CRITICAL-V1. Selected ADAPTIVE-CRITICAL-V1 (CRITICAL) for CRITICAL traffic under CRITICAL threat. All safety invariants and latency constraints are satisfied.,4666.8618,0.3413,0.1938,4667.3969,384,1450.0,True,SCN-002,SCN-002: GPS Spoofing & Replay Attack
10,18.0,CRUISE,NAV_WAYPOINT_UPDATE,CRITICAL,5000.0,75.0,0.008,8,4,1,0,0,ELEVATED,47.76,0.949,LOW_CONFIDENCE_FALLBACK,100.0,CRITICAL,True,RAPID_ESCALATION,4.598,True,ADAPTIVE-CRITICAL-V1,ADAPTIVE-CRITICAL-V1,STABLE,0,False,Mode C: Profile maintained at ADAPTIVE-CRITICAL-V1.,10907.256,0.2865,0.253,0.5395,384,1450.0,True,SCN-002,SCN-002: GPS Spoofing & Replay Attack
11,20.0,CRUISE,NAV_WAYPOINT_UPDATE,CRITICAL,5000.0,75.0,0.008,12,6,1,0,0,ELEVATED,48.68,0.9992,LOW_CONFIDENCE_FALLBACK,100.0,CRITICAL,True,RAPID_ESCALATION,5.246,True,ADAPTIVE-CRITICAL-V1,ADAPTIVE-CRITICAL-V1,STABLE,0,False,Mode C: Profile maintained at ADAPTIVE-CRITICAL-V1.,4869.4068,0.3502,3.5574,3.9076,384,1450.0,True,SCN-002,SCN-002: GPS Spoofing & Replay Attack
12,22.0,CRUISE,NAV_WAYPOINT_UPDATE,CRITICAL,5000.0,75.0,0.008,16,8,1,0,0,ELEVATED,49.5,1.0,LOW_CONFIDENCE_FALLBACK,100.0,CRITICAL,True,RAPID_ESCALATION,5.261,True,ADAPTIVE-CRITICAL-V1,ADAPTIVE-CRITICAL-V1,STABLE,0,False,Mode C: Profile maintained at ADAPTIVE-CRITICAL-V1.,4492.8852,0.3124,0.5096,0.8220000000000001,384,1450.0,True,SCN-002,SCN-002: GPS Spoofing & Replay Attack
13,24.0,CRUISE,NAV_WAYPOINT_UPDATE,CRITICAL,5000.0,75.0,0.008,20,10,1,0,0,ELEVATED,49.93,1.0,LOW_CONFIDENCE_FALLBACK,100.0,CRITICAL,True,RAPID_ESCALATION,4.827,True,ADAPTIVE-CRITICAL-V1,ADAPTIVE-CRITICAL-V1,STABLE,0,False,Mode C: Profile maintained at ADAPTIVE-CRITICAL-V1.,4304.8594,0.3409,0.2335,0.5744,384,1450.0,True,SCN-002,SCN-002: GPS Spoofing & Replay Attack
14,26.0,CRUISE,NAV_WAYPOINT_UPDATE,CRITICAL,5000.0,75.0,0.008,24,12,1,0,0,ELEVATED,49.93,0.9999,LOW_CONFIDENCE_FALLBACK,100.0,CRITICAL,True,RAPID_ESCALATION,4.076,True,ADAPTIVE-CRITICAL-V1,ADAPTIVE-CRITICAL-V1,STABLE,0,False,Mode C: Profile maintained at ADAPTIVE-CRITICAL-V1.,3322.7293,0.2308,0.1119,0.3427,384,1450.0,True,SCN-002,SCN-002: GPS Spoofing & Replay Attack
15,28.0,CRUISE,NAV_WAYPOINT_UPDATE,CRITICAL,5000.0,75.0,0.008,28,14,1,0,0,ELEVATED,50.13,0.9996,LOW_CONFIDENCE_FALLBACK,100.0,CRITICAL,True,RAPID_ESCALATION,3.172,True,ADAPTIVE-CRITICAL-V1,ADAPTIVE-CRITICAL-V1,STABLE,0,False,Mode C: Profile maintained at ADAPTIVE-CRITICAL-V1.,1448.5464,0.1937,0.1437,0.33740000000000003,384,1450.0,True,SCN-002,SCN-002: GPS Spoofing & Replay Attack
16,30.0,CRUISE,NAV_WAYPOINT_UPDATE,CRITICAL,5000.0,75.0,0.008,32,16,1,0,0,ELEVATED,50.13,0.9987,LOW_CONFIDENCE_FALLBACK,100.0,CRITICAL,True,MODERATE_INCREASE,2.184,True,ADAPTIVE-CRITICAL-V1,ADAPTIVE-CRITICAL-V1,STABLE,0,False,Mode C: Profile maintained at ADAPTIVE-CRITICAL-V1.,4043.6199,0.3544,0.2713,0.6256999999999999,384,1450.0,True,SCN-002,SCN-002: GPS Spoofing & Replay Attack
17,32.0,CRUISE,NAV_WAYPOINT_UPDATE,CRITICAL,5000.0,75.0,0.008,36,18,1,0,0,ELEVATED,50.13,0.9952,LOW_CONFIDENCE_FALLBACK,100.0,CRITICAL,True,MODERATE_INCREASE,1.182,False,ADAPTIVE-CRITICAL-V1,ADAPTIVE-CRITICAL-V1,STABLE,0,False,Mode C: Profile maintained at ADAPTIVE-CRITICAL-V1.,5876.4718,0.3464,0.2101,0.5565,384,1450.0,True,SCN-002,SCN-002: GPS Spoofing & Replay Attack
18,34.0,CRUISE,NAV_WAYPOINT_UPDATE,IMPORTANT,5000.0,35.0,0.0005,0,0,0,0,0,NORMAL,16.08,0.9578,HIGH_CONFIDENCE,35.84,LOW,False,RECOVERING,-3.053,False,ADAPTIVE-CRITICAL-V1,ADAPTIVE-CRITICAL-V1,DOWNGRADE_HELD,1,False,Mode C: Anti-oscillation hold active: candidate ADAPTIVE-BALANCED-V1 requires lower assurance than active ADAPTIVE-CRITICAL-V1. Retaining ADAPTIVE-CRITICAL-V1 (dwell count 1/3).,3822.8266,1.8153,0.2521,2.0674,384,1450.0,True,SCN-002,SCN-002: GPS Spoofing & Replay Attack
19,36.0,CRUISE,NAV_WAYPOINT_UPDATE,IMPORTANT,5000.0,35.0,0.0005,0,0,0,0,0,NORMAL,16.08,0.9578,HIGH_CONFIDENCE,35.84,LOW,False,RECOVERING,-4.803,False,ADAPTIVE-CRITICAL-V1,ADAPTIVE-CRITICAL-V1,DOWNGRADE_HELD,2,False,Mode C: Anti-oscillation hold active: candidate ADAPTIVE-BALANCED-V1 requires lower assurance than active ADAPTIVE-CRITICAL-V1. Retaining ADAPTIVE-CRITICAL-V1 (dwell count 2/3).,2897.3194,0.2747,0.1589,0.4336,384,1450.0,True,SCN-002,SCN-002: GPS Spoofing & Replay Attack
20,38.0,CRUISE,NAV_WAYPOINT_UPDATE,IMPORTANT,5000.0,35.0,0.0005,0,0,0,0,0,NORMAL,16.08,0.9578,HIGH_CONFIDENCE,35.84,LOW,False,RECOVERING,-5.472,False,ADAPTIVE-CRITICAL-V1,ADAPTIVE-BALANCED-V1,DOWNGRADE_EXECUTED,0,False,Mode C: Safe downgrade executed from ADAPTIVE-CRITICAL-V1 to ADAPTIVE-BALANCED-V1 after 3 consecutive stable low-threat steps. Selected ADAPTIVE-BALANCED-V1 (BALANCED) for IMPORTANT traffic under NORMAL threat. All safety invariants and latency constraints are satisfied.,10.4161,3.0432,0.2313,13.6906,192,310.0,True,SCN-002,SCN-002: GPS Spoofing & Replay Attack
21,40.0,CRUISE,NAV_WAYPOINT_UPDATE,IMPORTANT,5000.0,35.0,0.0005,0,0,0,0,0,NORMAL,16.08,0.9578,HIGH_CONFIDENCE,35.84,LOW,False,RECOVERING,-5.396,False,ADAPTIVE-BALANCED-V1,ADAPTIVE-BALANCED-V1,STABLE,0,False,Mode C: Profile maintained at ADAPTIVE-BALANCED-V1.,5.2583,0.1571,0.1526,0.3097,192,310.0,True,SCN-002,SCN-002: GPS Spoofing & Replay Attack
22,42.0,CRUISE,NAV_WAYPOINT_UPDATE,IMPORTANT,5000.0,35.0,0.0005,0,0,0,0,0,NORMAL,16.08,0.9578,HIGH_CONFIDENCE,35.84,LOW,False,RECOVERING,-4.842,False,ADAPTIVE-BALANCED-V1,ADAPTIVE-BALANCED-V1,STABLE,0,False,Mode C: Profile maintained at ADAPTIVE-BALANCED-V1.,11.417,0.2043,0.1604,0.3647,192,310.0,True,SCN-002,SCN-002: GPS Spoofing & Replay Attack
23,44.0,CRUISE,NAV_WAYPOINT_UPDATE,IMPORTANT,5000.0,35.0,0.0005,0,0,0,0,0,NORMAL,16.08,0.9578,HIGH_CONFIDENCE,35.84,LOW,False,RECOVERING,-4.006,False,ADAPTIVE-BALANCED-V1,ADAPTIVE-BALANCED-V1,STABLE,0,False,Mode C: Profile maintained at ADAPTIVE-BALANCED-V1.,12.9484,0.2138,0.1444,0.35819999999999996,192,310.0,True,SCN-002,SCN-002: GPS Spoofing & Replay Attack
24,46.0,CRUISE,NAV_WAYPOINT_UPDATE,IMPORTANT,5000.0,35.0,0.0005,0,0,0,0,0,NORMAL,16.08,0.9578,HIGH_CONFIDENCE,35.84,LOW,False,RECOVERING,-3.03,False,ADAPTIVE-BALANCED-V1,ADAPTIVE-BALANCED-V1,STABLE,0,False,Mode C: Profile maintained at ADAPTIVE-BALANCED-V1.,14.9078,0.2376,0.1287,0.3663,192,310.0,True,SCN-002,SCN-002: GPS Spoofing & Replay Attack
25,48.0,CRUISE,NAV_WAYPOINT_UPDATE,IMPORTANT,5000.0,35.0,0.0005,0,0,0,0,0,NORMAL,16.08,0.9578,HIGH_CONFIDENCE,35.84,LOW,False,DECREASING,-1.999,False,ADAPTIVE-BALANCED-V1,ADAPTIVE-BALANCED-V1,STABLE,0,False,Mode C: Profile maintained at ADAPTIVE-BALANCED-V1.,8.0156,0.2138,3.5365,3.7503,192,310.0,True,SCN-002,SCN-002: GPS Spoofing & Replay Attack
1,0.0,CRUISE,AIRCRAFT_STATUS,IMPORTANT,5000.0,30.0,0.0002,0,0,0,0,0,NORMAL,10.29,0.961,HIGH_CONFIDENCE,18.24,NOMINAL,False,STABLE,0.0,False,ADAPTIVE-STANDARD-V1,ADAPTIVE-BALANCED-V1,INITIAL,0,False,Mode C: Initial profile established: ADAPTIVE-BALANCED-V1.,20.7823,2.6532,0.3443,23.7798,192,310.0,True,SCN-003,SCN-003: Severe Electronic Warfare & Jamming
2,2.0,CRUISE,AIRCRAFT_STATUS,IMPORTANT,5000.0,30.0,0.0002,0,0,0,0,0,NORMAL,10.29,0.961,HIGH_CONFIDENCE,18.24,NOMINAL,False,STABLE,-0.0,False,ADAPTIVE-BALANCED-V1,ADAPTIVE-BALANCED-V1,STABLE,0,False,Mode C: Profile maintained at ADAPTIVE-BALANCED-V1.,19.7722,4.0836,0.2907,4.3743,192,310.0,True,SCN-003,SCN-003: Severe Electronic Warfare & Jamming
3,4.0,CRUISE,AIRCRAFT_STATUS,IMPORTANT,5000.0,30.0,0.0002,0,0,0,0,0,NORMAL,10.29,0.961,HIGH_CONFIDENCE,18.24,NOMINAL,False,STABLE,-0.0,False,ADAPTIVE-BALANCED-V1,ADAPTIVE-BALANCED-V1,STABLE,0,False,Mode C: Profile maintained at ADAPTIVE-BALANCED-V1.,14.3521,0.382,0.1894,0.5714,192,310.0,True,SCN-003,SCN-003: Severe Electronic Warfare & Jamming
4,6.0,CRUISE,AIRCRAFT_STATUS,IMPORTANT,5000.0,30.0,0.0002,0,0,0,0,0,NORMAL,10.29,0.961,HIGH_CONFIDENCE,18.24,NOMINAL,False,STABLE,0.0,False,ADAPTIVE-BALANCED-V1,ADAPTIVE-BALANCED-V1,STABLE,0,False,Mode C: Profile maintained at ADAPTIVE-BALANCED-V1.,10.4532,0.2927,0.2956,0.5883,192,310.0,True,SCN-003,SCN-003: Severe Electronic Warfare & Jamming
5,8.0,CRUISE,AIRCRAFT_STATUS,IMPORTANT,5000.0,30.0,0.0002,0,0,0,0,0,NORMAL,10.29,0.961,HIGH_CONFIDENCE,18.24,NOMINAL,False,STABLE,-0.0,False,ADAPTIVE-BALANCED-V1,ADAPTIVE-BALANCED-V1,STABLE,0,False,Mode C: Profile maintained at ADAPTIVE-BALANCED-V1.,14.2005,0.3037,4.4541,4.7578000000000005,192,310.0,True,SCN-003,SCN-003: Severe Electronic Warfare & Jamming
6,10.0,CONTESTED_AIRSPACE,AIRCRAFT_STATUS,IMPORTANT,5000.0,30.0,0.0002,0,0,0,0,0,NORMAL,10.29,0.961,HIGH_CONFIDENCE,18.24,NOMINAL,False,STABLE,0.0,False,ADAPTIVE-BALANCED-V1,ADAPTIVE-BALANCED-V1,STABLE,0,False,Mode C: Profile maintained at ADAPTIVE-BALANCED-V1.,38.4266,0.5156,0.6014,1.117,192,310.0,True,SCN-003,SCN-003: Severe Electronic Warfare & Jamming
7,12.0,CONTESTED_AIRSPACE,AIRCRAFT_STATUS,IMPORTANT,5000.0,30.0,0.0002,0,0,0,0,0,NORMAL,10.29,0.961,HIGH_CONFIDENCE,18.24,NOMINAL,False,STABLE,0.0,False,ADAPTIVE-BALANCED-V1,ADAPTIVE-BALANCED-V1,STABLE,0,False,Mode C: Profile maintained at ADAPTIVE-BALANCED-V1.,66.1704,0.4861,0.2295,0.7156,192,310.0,True,SCN-003,SCN-003: Severe Electronic Warfare & Jamming
8,14.0,CONTESTED_AIRSPACE,AIRCRAFT_STATUS,IMPORTANT,5000.0,12.0,0.045,1,3,4,0,1,NORMAL,51.61,0.9998,LOW_CONFIDENCE_FALLBACK,100.0,CRITICAL,True,RAPID_ESCALATION,5.904,True,ADAPTIVE-BALANCED-V1,ADAPTIVE-CRITICAL-V1,ESCALATION,0,True,Mode C: Immediate security escalation from ADAPTIVE-BALANCED-V1 to ADAPTIVE-CRITICAL-V1. Selected ADAPTIVE-CRITICAL-V1 (CRITICAL) for IMPORTANT traffic under CRITICAL threat. All safety invariants and latency constraints are satisfied.,11785.7548,0.364,0.2093,11786.3281,384,1450.0,False,SCN-003,SCN-003: Severe Electronic Warfare & Jamming
9,16.0,CONTESTED_AIRSPACE,AIRCRAFT_STATUS,IMPORTANT,5000.0,12.0,0.045,1,3,4,0,1,NORMAL,51.61,0.9998,LOW_CONFIDENCE_FALLBACK,100.0,CRITICAL,True,RAPID_ESCALATION,7.002,True,ADAPTIVE-CRITICAL-V1,ADAPTIVE-CRITICAL-V1,STABLE,0,True,Mode C: Profile maintained at ADAPTIVE-CRITICAL-V1.,8775.7549,0.3563,0.2248,0.5811,384,1450.0,True,SCN-003,SCN-003: Severe Electronic Warfare & Jamming
10,18.0,CONTESTED_AIRSPACE,AIRCRAFT_STATUS,IMPORTANT,5000.0,12.0,0.045,1,3,4,0,1,NORMAL,51.61,0.9998,LOW_CONFIDENCE_FALLBACK,100.0,CRITICAL,True,RAPID_ESCALATION,6.728,True,ADAPTIVE-CRITICAL-V1,ADAPTIVE-CRITICAL-V1,STABLE,0,True,Mode C: Profile maintained at ADAPTIVE-CRITICAL-V1.,8905.9887,0.3793,6.4389,6.8182,384,1450.0,True,SCN-003,SCN-003: Severe Electronic Warfare & Jamming
11,20.0,CONTESTED_AIRSPACE,AIRCRAFT_STATUS,IMPORTANT,5000.0,12.0,0.045,1,3,4,0,1,NORMAL,51.61,0.9998,LOW_CONFIDENCE_FALLBACK,100.0,CRITICAL,True,RAPID_ESCALATION,6.585,True,ADAPTIVE-CRITICAL-V1,ADAPTIVE-CRITICAL-V1,STABLE,0,True,Mode C: Profile maintained at ADAPTIVE-CRITICAL-V1.,5261.6302,0.2639,0.1848,0.4487,384,1450.0,True,SCN-003,SCN-003: Severe Electronic Warfare & Jamming
12,22.0,CONTESTED_AIRSPACE,AIRCRAFT_STATUS,IMPORTANT,5000.0,12.0,0.045,1,3,4,0,1,NORMAL,51.61,0.9998,LOW_CONFIDENCE_FALLBACK,100.0,CRITICAL,True,RAPID_ESCALATION,5.89,True,ADAPTIVE-CRITICAL-V1,ADAPTIVE-CRITICAL-V1,STABLE,0,True,Mode C: Profile maintained at ADAPTIVE-CRITICAL-V1.,4189.0197,0.3226,0.1791,0.5017,384,1450.0,True,SCN-003,SCN-003: Severe Electronic Warfare & Jamming
13,24.0,CONTESTED_AIRSPACE,AIRCRAFT_STATUS,IMPORTANT,5000.0,12.0,0.045,1,3,4,0,1,NORMAL,51.61,0.9998,LOW_CONFIDENCE_FALLBACK,100.0,CRITICAL,True,RAPID_ESCALATION,4.868,True,ADAPTIVE-CRITICAL-V1,ADAPTIVE-CRITICAL-V1,STABLE,0,True,Mode C: Profile maintained at ADAPTIVE-CRITICAL-V1.,4458.9783,0.4054,0.3599,0.7653,384,1450.0,True,SCN-003,SCN-003: Severe Electronic Warfare & Jamming
14,26.0,CONTESTED_AIRSPACE,AIRCRAFT_STATUS,IMPORTANT,5000.0,12.0,0.045,1,3,4,0,1,NORMAL,51.61,0.9998,LOW_CONFIDENCE_FALLBACK,100.0,CRITICAL,True,RAPID_ESCALATION,3.677,True,ADAPTIVE-CRITICAL-V1,ADAPTIVE-CRITICAL-V1,STABLE,0,True,Mode C: Profile maintained at ADAPTIVE-CRITICAL-V1.,4216.3509,0.3956,0.9332,1.3288,384,1450.0,True,SCN-003,SCN-003: Severe Electronic Warfare & Jamming
15,28.0,CONTESTED_AIRSPACE,AIRCRAFT_STATUS,IMPORTANT,5000.0,12.0,0.045,1,3,4,0,1,NORMAL,51.61,0.9998,LOW_CONFIDENCE_FALLBACK,100.0,CRITICAL,True,MODERATE_INCREASE,2.426,True,ADAPTIVE-CRITICAL-V1,ADAPTIVE-CRITICAL-V1,STABLE,0,True,Mode C: Profile maintained at ADAPTIVE-CRITICAL-V1.,5093.0914,0.3175,0.2332,0.5507,384,1450.0,True,SCN-003,SCN-003: Severe Electronic Warfare & Jamming
16,30.0,CONTESTED_AIRSPACE,AIRCRAFT_STATUS,IMPORTANT,5000.0,12.0,0.045,1,3,4,0,1,NORMAL,51.61,0.9998,LOW_CONFIDENCE_FALLBACK,100.0,CRITICAL,True,MODERATE_INCREASE,1.185,False,ADAPTIVE-CRITICAL-V1,ADAPTIVE-CRITICAL-V1,STABLE,0,True,Mode C: Profile maintained at ADAPTIVE-CRITICAL-V1.,4078.8655,0.3642,0.2168,0.581,384,1450.0,True,SCN-003,SCN-003: Severe Electronic Warfare & Jamming
17,32.0,CONTESTED_AIRSPACE,AIRCRAFT_STATUS,IMPORTANT,5000.0,12.0,0.045,1,3,4,0,1,NORMAL,51.61,0.9998,LOW_CONFIDENCE_FALLBACK,100.0,CRITICAL,True,STABLE,0.0,False,ADAPTIVE-CRITICAL-V1,ADAPTIVE-CRITICAL-V1,STABLE,0,True,Mode C: Profile maintained at ADAPTIVE-CRITICAL-V1.,3278.9314,0.43,0.2737,0.7037,384,1450.0,True,SCN-003,SCN-003: Severe Electronic Warfare & Jamming
18,34.0,CONTESTED_AIRSPACE,AIRCRAFT_STATUS,IMPORTANT,5000.0,30.0,0.0002,0,0,0,0,0,NORMAL,10.29,0.961,HIGH_CONFIDENCE,18.24,NOMINAL,False,RECOVERING,-3.96,False,ADAPTIVE-CRITICAL-V1,ADAPTIVE-CRITICAL-V1,DOWNGRADE_HELD,1,False,Mode C: Anti-oscillation hold active: candidate ADAPTIVE-BALANCED-V1 requires lower assurance than active ADAPTIVE-CRITICAL-V1. Retaining ADAPTIVE-CRITICAL-V1 (dwell count 1/3).,2807.7501,0.3716,0.1914,0.563,384,1450.0,True,SCN-003,SCN-003: Severe Electronic Warfare & Jamming
19,36.0,CONTESTED_AIRSPACE,AIRCRAFT_STATUS,IMPORTANT,5000.0,30.0,0.0002,0,0,0,0,0,NORMAL,10.29,0.961,HIGH_CONFIDENCE,18.24,NOMINAL,False,RECOVERING,-6.0,False,ADAPTIVE-CRITICAL-V1,ADAPTIVE-CRITICAL-V1,DOWNGRADE_HELD,2,False,Mode C: Anti-oscillation hold active: candidate ADAPTIVE-BALANCED-V1 requires lower assurance than active ADAPTIVE-CRITICAL-V1. Retaining ADAPTIVE-CRITICAL-V1 (dwell count 2/3).,2623.2818,0.3407,0.1873,0.528,384,1450.0,True,SCN-003,SCN-003: Severe Electronic Warfare & Jamming
20,38.0,CRUISE,AIRCRAFT_STATUS,IMPORTANT,5000.0,30.0,0.0002,0,0,0,0,0,NORMAL,10.29,0.961,HIGH_CONFIDENCE,18.24,NOMINAL,False,RECOVERING,-6.728,False,ADAPTIVE-CRITICAL-V1,ADAPTIVE-BALANCED-V1,DOWNGRADE_EXECUTED,0,False,Mode C: Safe downgrade executed from ADAPTIVE-CRITICAL-V1 to ADAPTIVE-BALANCED-V1 after 3 consecutive stable low-threat steps. Selected ADAPTIVE-BALANCED-V1 (BALANCED) for IMPORTANT traffic under NORMAL threat. All safety invariants and latency constraints are satisfied.,8.7964,0.276,0.214,9.2864,192,310.0,True,SCN-003,SCN-003: Severe Electronic Warfare & Jamming
21,40.0,CRUISE,AIRCRAFT_STATUS,IMPORTANT,5000.0,30.0,0.0002,0,0,0,0,0,NORMAL,10.29,0.961,HIGH_CONFIDENCE,18.24,NOMINAL,False,RECOVERING,-6.585,False,ADAPTIVE-BALANCED-V1,ADAPTIVE-BALANCED-V1,STABLE,0,False,Mode C: Profile maintained at ADAPTIVE-BALANCED-V1.,6.9919,0.274,0.4056,0.6796,192,310.0,True,SCN-003,SCN-003: Severe Electronic Warfare & Jamming
22,42.0,CRUISE,AIRCRAFT_STATUS,IMPORTANT,5000.0,30.0,0.0002,0,0,0,0,0,NORMAL,10.29,0.961,HIGH_CONFIDENCE,18.24,NOMINAL,False,RECOVERING,-5.89,False,ADAPTIVE-BALANCED-V1,ADAPTIVE-BALANCED-V1,STABLE,0,False,Mode C: Profile maintained at ADAPTIVE-BALANCED-V1.,19.1217,0.2775,0.1749,0.4524,192,310.0,True,SCN-003,SCN-003: Severe Electronic Warfare & Jamming
23,44.0,CRUISE,AIRCRAFT_STATUS,IMPORTANT,5000.0,30.0,0.0002,0,0,0,0,0,NORMAL,10.29,0.961,HIGH_CONFIDENCE,18.24,NOMINAL,False,RECOVERING,-4.868,False,ADAPTIVE-BALANCED-V1,ADAPTIVE-BALANCED-V1,STABLE,0,False,Mode C: Profile maintained at ADAPTIVE-BALANCED-V1.,6.9081,0.3257,0.1953,0.521,192,310.0,True,SCN-003,SCN-003: Severe Electronic Warfare & Jamming
24,46.0,CRUISE,AIRCRAFT_STATUS,IMPORTANT,5000.0,30.0,0.0002,0,0,0,0,0,NORMAL,10.29,0.961,HIGH_CONFIDENCE,18.24,NOMINAL,False,RECOVERING,-3.677,False,ADAPTIVE-BALANCED-V1,ADAPTIVE-BALANCED-V1,STABLE,0,False,Mode C: Profile maintained at ADAPTIVE-BALANCED-V1.,6.3073,0.2338,0.1695,0.4033,192,310.0,True,SCN-003,SCN-003: Severe Electronic Warfare & Jamming
25,48.0,CRUISE,AIRCRAFT_STATUS,IMPORTANT,5000.0,30.0,0.0002,0,0,0,0,0,NORMAL,10.29,0.961,HIGH_CONFIDENCE,18.24,NOMINAL,False,DECREASING,-2.426,False,ADAPTIVE-BALANCED-V1,ADAPTIVE-BALANCED-V1,STABLE,0,False,Mode C: Profile maintained at ADAPTIVE-BALANCED-V1.,12.6983,3.5162,0.2864,3.8026,192,310.0,True,SCN-003,SCN-003: Severe Electronic Warfare & Jamming
1,0.0,CRUISE,FLIGHT_PLAN,ROUTINE,5000.0,28.0,0.001,0,0,0,0,0,NORMAL,17.01,0.9823,LOW_CONFIDENCE_FALLBACK,91.54,CRITICAL,True,STABLE,0.0,False,ADAPTIVE-STANDARD-V1,ADAPTIVE-HIGH-ASSURANCE-V1,INITIAL,0,True,Mode C: Initial profile established: ADAPTIVE-HIGH-ASSURANCE-V1.,4190.5059,0.2901,0.217,4191.013,256,840.0,True,SCN-004,SCN-004: MITM Transcript & AAD Tampering
2,2.0,CRUISE,FLIGHT_PLAN,ROUTINE,5000.0,28.0,0.001,0,0,0,0,0,NORMAL,17.01,0.9823,LOW_CONFIDENCE_FALLBACK,91.54,CRITICAL,True,STABLE,-0.0,False,ADAPTIVE-HIGH-ASSURANCE-V1,ADAPTIVE-HIGH-ASSURANCE-V1,STABLE,0,True,Mode C: Profile maintained at ADAPTIVE-HIGH-ASSURANCE-V1.,3978.5477,3.593,0.2468,3.8398,256,840.0,True,SCN-004,SCN-004: MITM Transcript & AAD Tampering
3,4.0,CRUISE,FLIGHT_PLAN,ROUTINE,5000.0,28.0,0.001,0,0,0,0,0,NORMAL,17.01,0.9823,LOW_CONFIDENCE_FALLBACK,91.54,CRITICAL,True,STABLE,-0.0,False,ADAPTIVE-HIGH-ASSURANCE-V1,ADAPTIVE-HIGH-ASSURANCE-V1,STABLE,0,True,Mode C: Profile maintained at ADAPTIVE-HIGH-ASSURANCE-V1.,3271.109,0.2947,0.1774,0.4721,256,840.0,True,SCN-004,SCN-004: MITM Transcript & AAD Tampering
4,6.0,CRUISE,FLIGHT_PLAN,ROUTINE,5000.0,28.0,0.001,0,0,0,0,0,NORMAL,17.01,0.9823,LOW_CONFIDENCE_FALLBACK,91.54,CRITICAL,True,STABLE,0.0,False,ADAPTIVE-HIGH-ASSURANCE-V1,ADAPTIVE-HIGH-ASSURANCE-V1,STABLE,0,True,Mode C: Profile maintained at ADAPTIVE-HIGH-ASSURANCE-V1.,4119.7972,0.4689,2.4765,2.9454000000000002,256,840.0,True,SCN-004,SCN-004: MITM Transcript & AAD Tampering
5,8.0,CRUISE,FLIGHT_PLAN,ROUTINE,5000.0,28.0,0.001,0,0,0,0,0,NORMAL,17.01,0.9823,LOW_CONFIDENCE_FALLBACK,91.54,CRITICAL,True,STABLE,-0.0,False,ADAPTIVE-HIGH-ASSURANCE-V1,ADAPTIVE-HIGH-ASSURANCE-V1,STABLE,0,True,Mode C: Profile maintained at ADAPTIVE-HIGH-ASSURANCE-V1.,2528.9603,0.324,0.2789,0.6029,256,840.0,True,SCN-004,SCN-004: MITM Transcript & AAD Tampering
6,10.0,CRUISE,FLIGHT_PLAN,ROUTINE,5000.0,28.0,0.001,0,0,0,0,0,NORMAL,17.01,0.9823,LOW_CONFIDENCE_FALLBACK,91.54,CRITICAL,True,STABLE,0.0,False,ADAPTIVE-HIGH-ASSURANCE-V1,ADAPTIVE-HIGH-ASSURANCE-V1,STABLE,0,True,Mode C: Profile maintained at ADAPTIVE-HIGH-ASSURANCE-V1.,2905.8095,0.3334,0.2073,0.5407,256,840.0,True,SCN-004,SCN-004: MITM Transcript & AAD Tampering
7,12.0,CRUISE,FLIGHT_PLAN,CRITICAL,5000.0,28.0,0.001,2,5,6,4,5,NORMAL,54.76,0.7555,LOW_CONFIDENCE_FALLBACK,100.0,CRITICAL,True,RAPID_ESCALATION,6.811,True,ADAPTIVE-HIGH-ASSURANCE-V1,ADAPTIVE-CRITICAL-V1,ESCALATION,0,True,Mode C: Immediate security escalation from ADAPTIVE-HIGH-ASSURANCE-V1 to ADAPTIVE-CRITICAL-V1. Selected ADAPTIVE-CRITICAL-V1 (CRITICAL) for CRITICAL traffic under CRITICAL threat. All safety invariants and latency constraints are satisfied.,3267.8813,0.2746,0.1984,3268.3543,384,1450.0,True,SCN-004,SCN-004: MITM Transcript & AAD Tampering
8,14.0,CRUISE,FLIGHT_PLAN,CRITICAL,5000.0,28.0,0.001,2,5,6,4,5,NORMAL,54.76,0.7555,LOW_CONFIDENCE_FALLBACK,100.0,CRITICAL,True,RAPID_ESCALATION,7.534,True,ADAPTIVE-CRITICAL-V1,ADAPTIVE-CRITICAL-V1,STABLE,0,True,Mode C: Profile maintained at ADAPTIVE-CRITICAL-V1.,2605.3053,4.5905,0.2432,4.833699999999999,384,1450.0,True,SCN-004,SCN-004: MITM Transcript & AAD Tampering
9,16.0,CRUISE,FLIGHT_PLAN,CRITICAL,5000.0,28.0,0.001,2,5,6,4,5,NORMAL,54.76,0.7555,LOW_CONFIDENCE_FALLBACK,100.0,CRITICAL,True,RAPID_ESCALATION,6.894,True,ADAPTIVE-CRITICAL-V1,ADAPTIVE-CRITICAL-V1,STABLE,0,True,Mode C: Profile maintained at ADAPTIVE-CRITICAL-V1.,4562.227,5.0904,0.2889,5.3793,384,1450.0,True,SCN-004,SCN-004: MITM Transcript & AAD Tampering
10,18.0,CRUISE,FLIGHT_PLAN,CRITICAL,5000.0,28.0,0.001,2,5,6,4,5,NORMAL,54.76,0.7555,LOW_CONFIDENCE_FALLBACK,100.0,CRITICAL,True,RAPID_ESCALATION,6.016,True,ADAPTIVE-CRITICAL-V1,ADAPTIVE-CRITICAL-V1,STABLE,0,True,Mode C: Profile maintained at ADAPTIVE-CRITICAL-V1.,4860.5035,0.4089,0.2096,0.6185,384,1450.0,True,SCN-004,SCN-004: MITM Transcript & AAD Tampering
11,20.0,CRUISE,FLIGHT_PLAN,CRITICAL,5000.0,28.0,0.001,2,5,6,4,5,NORMAL,54.76,0.7555,LOW_CONFIDENCE_FALLBACK,100.0,CRITICAL,True,RAPID_ESCALATION,5.381,True,ADAPTIVE-CRITICAL-V1,ADAPTIVE-CRITICAL-V1,STABLE,0,True,Mode C: Profile maintained at ADAPTIVE-CRITICAL-V1.,4672.4662,0.3894,3.8799,4.2693,384,1450.0,True,SCN-004,SCN-004: MITM Transcript & AAD Tampering
12,22.0,CRUISE,FLIGHT_PLAN,CRITICAL,5000.0,28.0,0.001,2,5,6,4,5,NORMAL,54.76,0.7555,LOW_CONFIDENCE_FALLBACK,100.0,CRITICAL,True,RAPID_ESCALATION,4.447,True,ADAPTIVE-CRITICAL-V1,ADAPTIVE-CRITICAL-V1,STABLE,0,True,Mode C: Profile maintained at ADAPTIVE-CRITICAL-V1.,3649.2307,2.5853,0.3014,2.8867000000000003,384,1450.0,True,SCN-004,SCN-004: MITM Transcript & AAD Tampering
13,24.0,CRUISE,FLIGHT_PLAN,CRITICAL,5000.0,28.0,0.001,2,5,6,4,5,NORMAL,54.76,0.7555,LOW_CONFIDENCE_FALLBACK,100.0,CRITICAL,True,RAPID_ESCALATION,3.36,True,ADAPTIVE-CRITICAL-V1,ADAPTIVE-CRITICAL-V1,STABLE,0,True,Mode C: Profile maintained at ADAPTIVE-CRITICAL-V1.,3949.0898,0.494,0.2894,0.7834,384,1450.0,True,SCN-004,SCN-004: MITM Transcript & AAD Tampering
14,26.0,CRUISE,FLIGHT_PLAN,CRITICAL,5000.0,28.0,0.001,2,5,6,4,5,NORMAL,54.76,0.7555,LOW_CONFIDENCE_FALLBACK,100.0,CRITICAL,True,MODERATE_INCREASE,2.216,True,ADAPTIVE-CRITICAL-V1,ADAPTIVE-CRITICAL-V1,STABLE,0,True,Mode C: Profile maintained at ADAPTIVE-CRITICAL-V1.,4118.3181,0.38,0.2702,0.6502,384,1450.0,True,SCN-004,SCN-004: MITM Transcript & AAD Tampering
15,28.0,CRUISE,FLIGHT_PLAN,CRITICAL,5000.0,28.0,0.001,2,5,6,4,5,NORMAL,54.76,0.7555,LOW_CONFIDENCE_FALLBACK,100.0,CRITICAL,True,MODERATE_INCREASE,1.083,False,ADAPTIVE-CRITICAL-V1,ADAPTIVE-CRITICAL-V1,STABLE,0,True,Mode C: Profile maintained at ADAPTIVE-CRITICAL-V1.,3643.3963,0.3975,0.204,0.6015,384,1450.0,True,SCN-004,SCN-004: MITM Transcript & AAD Tampering
16,30.0,CRUISE,FLIGHT_PLAN,ROUTINE,5000.0,28.0,0.001,0,0,0,0,0,NORMAL,17.01,0.9823,LOW_CONFIDENCE_FALLBACK,91.54,CRITICAL,True,RECOVERING,-3.618,False,ADAPTIVE-CRITICAL-V1,ADAPTIVE-CRITICAL-V1,DOWNGRADE_HELD,1,True,Mode C: Anti-oscillation hold active: candidate ADAPTIVE-HIGH-ASSURANCE-V1 requires lower assurance than active ADAPTIVE-CRITICAL-V1. Retaining ADAPTIVE-CRITICAL-V1 (dwell count 1/3).,3666.2906,0.3311,0.1911,0.5222,384,1450.0,True,SCN-004,SCN-004: MITM Transcript & AAD Tampering
17,32.0,CRUISE,FLIGHT_PLAN,ROUTINE,5000.0,28.0,0.001,0,0,0,0,0,NORMAL,17.01,0.9823,LOW_CONFIDENCE_FALLBACK,91.54,CRITICAL,True,RECOVERING,-5.482,False,ADAPTIVE-CRITICAL-V1,ADAPTIVE-CRITICAL-V1,DOWNGRADE_HELD,2,True,Mode C: Anti-oscillation hold active: candidate ADAPTIVE-HIGH-ASSURANCE-V1 requires lower assurance than active ADAPTIVE-CRITICAL-V1. Retaining ADAPTIVE-CRITICAL-V1 (dwell count 2/3).,3274.1545,0.4295,0.2053,0.6348,384,1450.0,True,SCN-004,SCN-004: MITM Transcript & AAD Tampering
18,34.0,CRUISE,FLIGHT_PLAN,ROUTINE,5000.0,28.0,0.001,0,0,0,0,0,NORMAL,17.01,0.9823,LOW_CONFIDENCE_FALLBACK,91.54,CRITICAL,True,RECOVERING,-6.147,False,ADAPTIVE-CRITICAL-V1,ADAPTIVE-HIGH-ASSURANCE-V1,DOWNGRADE_EXECUTED,0,True,Mode C: Safe downgrade executed from ADAPTIVE-CRITICAL-V1 to ADAPTIVE-HIGH-ASSURANCE-V1 after 3 consecutive stable low-threat steps. Selected ADAPTIVE-HIGH-ASSURANCE-V1 (HIGH_ASSURANCE) for ROUTINE traffic under HIGH threat. All safety invariants and latency constraints are satisfied.,4732.8492,0.3625,0.2025,4733.4142,256,840.0,True,SCN-004,SCN-004: MITM Transcript & AAD Tampering
19,36.0,CRUISE,FLIGHT_PLAN,ROUTINE,5000.0,28.0,0.001,0,0,0,0,0,NORMAL,17.01,0.9823,LOW_CONFIDENCE_FALLBACK,91.54,CRITICAL,True,RECOVERING,-6.016,False,ADAPTIVE-HIGH-ASSURANCE-V1,ADAPTIVE-HIGH-ASSURANCE-V1,STABLE,0,True,Mode C: Profile maintained at ADAPTIVE-HIGH-ASSURANCE-V1.,3902.5986,0.41,0.2093,0.6193,256,840.0,True,SCN-004,SCN-004: MITM Transcript & AAD Tampering
20,38.0,CRUISE,FLIGHT_PLAN,ROUTINE,5000.0,28.0,0.001,0,0,0,0,0,NORMAL,17.01,0.9823,LOW_CONFIDENCE_FALLBACK,91.54,CRITICAL,True,RECOVERING,-5.381,False,ADAPTIVE-HIGH-ASSURANCE-V1,ADAPTIVE-HIGH-ASSURANCE-V1,STABLE,0,True,Mode C: Profile maintained at ADAPTIVE-HIGH-ASSURANCE-V1.,4151.5563,0.4084,0.2119,0.6203,256,840.0,True,SCN-004,SCN-004: MITM Transcript & AAD Tampering
1,0.0,CRUISE,AIRCRAFT_STATUS,ROUTINE,5000.0,30.0,0.008,1,1,0,0,0,NORMAL,27.01,0.9838,LOW_CONFIDENCE_FALLBACK,100.0,CRITICAL,True,STABLE,0.0,False,ADAPTIVE-STANDARD-V1,ADAPTIVE-HIGH-ASSURANCE-V1,INITIAL,0,True,Mode C: Initial profile established: ADAPTIVE-HIGH-ASSURANCE-V1.,4894.7219,0.3447,0.22,4895.2866,256,840.0,True,SCN-005,SCN-005: Fluctuating Noise / Anti-Oscillation Test
2,2.0,CRUISE,AIRCRAFT_STATUS,ROUTINE,5000.0,30.0,0.0001,0,0,0,0,0,NORMAL,8.73,0.9819,HIGH_CONFIDENCE,18.24,NOMINAL,False,RECOVERING,-18.28,False,ADAPTIVE-HIGH-ASSURANCE-V1,ADAPTIVE-HIGH-ASSURANCE-V1,DOWNGRADE_HELD,1,False,Mode C: Anti-oscillation hold active: candidate ADAPTIVE-STANDARD-V1 requires lower assurance than active ADAPTIVE-HIGH-ASSURANCE-V1. Retaining ADAPTIVE-HIGH-ASSURANCE-V1 (dwell count 1/3).,1166.5017,0.1421,0.0709,0.21300000000000002,256,840.0,True,SCN-005,SCN-005: Fluctuating Noise / Anti-Oscillation Test
3,4.0,CRUISE,AIRCRAFT_STATUS,ROUTINE,5000.0,30.0,0.0001,0,0,0,0,0,NORMAL,8.73,0.9819,HIGH_CONFIDENCE,18.24,NOMINAL,False,RECOVERING,-6.108,False,ADAPTIVE-HIGH-ASSURANCE-V1,ADAPTIVE-HIGH-ASSURANCE-V1,DOWNGRADE_HELD,2,False,Mode C: Anti-oscillation hold active: candidate ADAPTIVE-STANDARD-V1 requires lower assurance than active ADAPTIVE-HIGH-ASSURANCE-V1. Retaining ADAPTIVE-HIGH-ASSURANCE-V1 (dwell count 2/3).,593.9354,0.1359,0.0717,0.2076,256,840.0,True,SCN-005,SCN-005: Fluctuating Noise / Anti-Oscillation Test
4,6.0,CRUISE,AIRCRAFT_STATUS,ROUTINE,5000.0,30.0,0.0001,0,0,0,0,0,NORMAL,8.73,0.9819,HIGH_CONFIDENCE,18.24,NOMINAL,False,RECOVERING,-3.281,False,ADAPTIVE-HIGH-ASSURANCE-V1,ADAPTIVE-STANDARD-V1,DOWNGRADE_EXECUTED,0,False,Mode C: Safe downgrade executed from ADAPTIVE-HIGH-ASSURANCE-V1 to ADAPTIVE-STANDARD-V1 after 3 consecutive stable low-threat steps. Selected ADAPTIVE-STANDARD-V1 (STANDARD) for ROUTINE traffic under NORMAL threat. All safety invariants and latency constraints are satisfied.,2.518,0.1176,0.0748,2.7104,128,185.0,True,SCN-005,SCN-005: Fluctuating Noise / Anti-Oscillation Test
5,8.0,CRUISE,AIRCRAFT_STATUS,ROUTINE,5000.0,30.0,0.008,1,1,0,0,0,NORMAL,27.01,0.9838,LOW_CONFIDENCE_FALLBACK,100.0,CRITICAL,True,RAPID_ESCALATION,3.707,True,ADAPTIVE-STANDARD-V1,ADAPTIVE-HIGH-ASSURANCE-V1,ESCALATION,0,True,Mode C: Immediate security escalation from ADAPTIVE-STANDARD-V1 to ADAPTIVE-HIGH-ASSURANCE-V1. Selected ADAPTIVE-HIGH-ASSURANCE-V1 (HIGH_ASSURANCE) for ROUTINE traffic under HIGH threat. All safety invariants and latency constraints are satisfied.,610.0421,0.1348,0.0714,610.2483,256,840.0,True,SCN-005,SCN-005: Fluctuating Noise / Anti-Oscillation Test
6,10.0,CRUISE,AIRCRAFT_STATUS,ROUTINE,5000.0,30.0,0.0001,0,0,0,0,0,NORMAL,8.73,0.9819,HIGH_CONFIDENCE,18.24,NOMINAL,False,STABLE,-0.571,False,ADAPTIVE-HIGH-ASSURANCE-V1,ADAPTIVE-HIGH-ASSURANCE-V1,DOWNGRADE_HELD,1,False,Mode C: Anti-oscillation hold active: candidate ADAPTIVE-STANDARD-V1 requires lower assurance than active ADAPTIVE-HIGH-ASSURANCE-V1. Retaining ADAPTIVE-HIGH-ASSURANCE-V1 (dwell count 1/3).,567.4658,0.1398,0.0818,0.22160000000000002,256,840.0,True,SCN-005,SCN-005: Fluctuating Noise / Anti-Oscillation Test
7,12.0,CRUISE,AIRCRAFT_STATUS,ROUTINE,5000.0,30.0,0.0001,0,0,0,0,0,NORMAL,8.73,0.9819,HIGH_CONFIDENCE,18.24,NOMINAL,False,DECREASING,-1.275,False,ADAPTIVE-HIGH-ASSURANCE-V1,ADAPTIVE-HIGH-ASSURANCE-V1,DOWNGRADE_HELD,2,False,Mode C: Anti-oscillation hold active: candidate ADAPTIVE-STANDARD-V1 requires lower assurance than active ADAPTIVE-HIGH-ASSURANCE-V1. Retaining ADAPTIVE-HIGH-ASSURANCE-V1 (dwell count 2/3).,526.4171,0.1905,0.0691,0.2596,256,840.0,True,SCN-005,SCN-005: Fluctuating Noise / Anti-Oscillation Test
8,14.0,CRUISE,AIRCRAFT_STATUS,ROUTINE,5000.0,30.0,0.0001,0,0,0,0,0,NORMAL,8.73,0.9819,HIGH_CONFIDENCE,18.24,NOMINAL,False,DECREASING,-1.276,False,ADAPTIVE-HIGH-ASSURANCE-V1,ADAPTIVE-STANDARD-V1,DOWNGRADE_EXECUTED,0,False,Mode C: Safe downgrade executed from ADAPTIVE-HIGH-ASSURANCE-V1 to ADAPTIVE-STANDARD-V1 after 3 consecutive stable low-threat steps. Selected ADAPTIVE-STANDARD-V1 (STANDARD) for ROUTINE traffic under NORMAL threat. All safety invariants and latency constraints are satisfied.,2.9887,0.105,0.0707,3.1644,128,185.0,True,SCN-005,SCN-005: Fluctuating Noise / Anti-Oscillation Test
9,16.0,CRUISE,AIRCRAFT_STATUS,ROUTINE,5000.0,30.0,0.008,1,1,0,0,0,NORMAL,27.01,0.9838,LOW_CONFIDENCE_FALLBACK,100.0,CRITICAL,True,MODERATE_INCREASE,0.985,True,ADAPTIVE-STANDARD-V1,ADAPTIVE-HIGH-ASSURANCE-V1,ESCALATION,0,True,Mode C: Immediate security escalation from ADAPTIVE-STANDARD-V1 to ADAPTIVE-HIGH-ASSURANCE-V1. Selected ADAPTIVE-HIGH-ASSURANCE-V1 (HIGH_ASSURANCE) for ROUTINE traffic under HIGH threat. All safety invariants and latency constraints are satisfied.,528.9916,0.1473,0.0668,529.2057,256,840.0,True,SCN-005,SCN-005: Fluctuating Noise / Anti-Oscillation Test
10,18.0,CRUISE,AIRCRAFT_STATUS,ROUTINE,5000.0,30.0,0.0001,0,0,0,0,0,NORMAL,8.73,0.9819,HIGH_CONFIDENCE,18.24,NOMINAL,False,STABLE,-0.074,False,ADAPTIVE-HIGH-ASSURANCE-V1,ADAPTIVE-HIGH-ASSURANCE-V1,DOWNGRADE_HELD,1,False,Mode C: Anti-oscillation hold active: candidate ADAPTIVE-STANDARD-V1 requires lower assurance than active ADAPTIVE-HIGH-ASSURANCE-V1. Retaining ADAPTIVE-HIGH-ASSURANCE-V1 (dwell count 1/3).,519.6021,0.1586,0.0694,0.22799999999999998,256,840.0,True,SCN-005,SCN-005: Fluctuating Noise / Anti-Oscillation Test
11,20.0,CRUISE,AIRCRAFT_STATUS,ROUTINE,5000.0,30.0,0.0001,0,0,0,0,0,NORMAL,8.73,0.9819,HIGH_CONFIDENCE,18.24,NOMINAL,False,STABLE,-0.205,False,ADAPTIVE-HIGH-ASSURANCE-V1,ADAPTIVE-HIGH-ASSURANCE-V1,DOWNGRADE_HELD,2,False,Mode C: Anti-oscillation hold active: candidate ADAPTIVE-STANDARD-V1 requires lower assurance than active ADAPTIVE-HIGH-ASSURANCE-V1. Retaining ADAPTIVE-HIGH-ASSURANCE-V1 (dwell count 2/3).,520.5896,0.1457,0.0728,0.2185,256,840.0,True,SCN-005,SCN-005: Fluctuating Noise / Anti-Oscillation Test
12,22.0,CRUISE,AIRCRAFT_STATUS,ROUTINE,5000.0,30.0,0.0001,0,0,0,0,0,NORMAL,8.73,0.9819,HIGH_CONFIDENCE,18.24,NOMINAL,False,STABLE,-0.617,False,ADAPTIVE-HIGH-ASSURANCE-V1,ADAPTIVE-STANDARD-V1,DOWNGRADE_EXECUTED,0,False,Mode C: Safe downgrade executed from ADAPTIVE-HIGH-ASSURANCE-V1 to ADAPTIVE-STANDARD-V1 after 3 consecutive stable low-threat steps. Selected ADAPTIVE-STANDARD-V1 (STANDARD) for ROUTINE traffic under NORMAL threat. All safety invariants and latency constraints are satisfied.,1.9309,0.0834,0.0847,2.099,128,185.0,True,SCN-005,SCN-005: Fluctuating Noise / Anti-Oscillation Test
13,24.0,CRUISE,AIRCRAFT_STATUS,ROUTINE,5000.0,30.0,0.008,1,1,0,0,0,NORMAL,27.01,0.9838,LOW_CONFIDENCE_FALLBACK,100.0,CRITICAL,True,MODERATE_INCREASE,0.896,False,ADAPTIVE-STANDARD-V1,ADAPTIVE-HIGH-ASSURANCE-V1,ESCALATION,0,True,Mode C: Immediate security escalation from ADAPTIVE-STANDARD-V1 to ADAPTIVE-HIGH-ASSURANCE-V1. Selected ADAPTIVE-HIGH-ASSURANCE-V1 (HIGH_ASSURANCE) for ROUTINE traffic under HIGH threat. All safety invariants and latency constraints are satisfied.,553.1679,0.1319,0.0693,553.3691,256,840.0,True,SCN-005,SCN-005: Fluctuating Noise / Anti-Oscillation Test
14,26.0,CRUISE,AIRCRAFT_STATUS,ROUTINE,5000.0,30.0,0.0001,0,0,0,0,0,NORMAL,8.73,0.9819,HIGH_CONFIDENCE,18.24,NOMINAL,False,STABLE,-0.074,False,ADAPTIVE-HIGH-ASSURANCE-V1,ADAPTIVE-HIGH-ASSURANCE-V1,DOWNGRADE_HELD,1,False,Mode C: Anti-oscillation hold active: candidate ADAPTIVE-STANDARD-V1 requires lower assurance than active ADAPTIVE-HIGH-ASSURANCE-V1. Retaining ADAPTIVE-HIGH-ASSURANCE-V1 (dwell count 1/3).,513.7807,0.2364,0.1017,0.3381,256,840.0,True,SCN-005,SCN-005: Fluctuating Noise / Anti-Oscillation Test
15,28.0,CRUISE,AIRCRAFT_STATUS,ROUTINE,5000.0,30.0,0.0001,0,0,0,0,0,NORMAL,8.73,0.9819,HIGH_CONFIDENCE,18.24,NOMINAL,False,STABLE,-0.205,False,ADAPTIVE-HIGH-ASSURANCE-V1,ADAPTIVE-HIGH-ASSURANCE-V1,DOWNGRADE_HELD,2,False,Mode C: Anti-oscillation hold active: candidate ADAPTIVE-STANDARD-V1 requires lower assurance than active ADAPTIVE-HIGH-ASSURANCE-V1. Retaining ADAPTIVE-HIGH-ASSURANCE-V1 (dwell count 2/3).,535.6139,0.1262,0.0678,0.194,256,840.0,True,SCN-005,SCN-005: Fluctuating Noise / Anti-Oscillation Test
16,30.0,CRUISE,AIRCRAFT_STATUS,ROUTINE,5000.0,30.0,0.0001,0,0,0,0,0,NORMAL,8.73,0.9819,HIGH_CONFIDENCE,18.24,NOMINAL,False,STABLE,-0.617,False,ADAPTIVE-HIGH-ASSURANCE-V1,ADAPTIVE-STANDARD-V1,DOWNGRADE_EXECUTED,0,False,Mode C: Safe downgrade executed from ADAPTIVE-HIGH-ASSURANCE-V1 to ADAPTIVE-STANDARD-V1 after 3 consecutive stable low-threat steps. Selected ADAPTIVE-STANDARD-V1 (STANDARD) for ROUTINE traffic under NORMAL threat. All safety invariants and latency constraints are satisfied.,2.017,0.129,0.0729,2.2189,128,185.0,True,SCN-005,SCN-005: Fluctuating Noise / Anti-Oscillation Test
17,32.0,CRUISE,AIRCRAFT_STATUS,ROUTINE,5000.0,30.0,0.008,1,1,0,0,0,NORMAL,27.01,0.9838,LOW_CONFIDENCE_FALLBACK,100.0,CRITICAL,True,MODERATE_INCREASE,0.896,False,ADAPTIVE-STANDARD-V1,ADAPTIVE-HIGH-ASSURANCE-V1,ESCALATION,0,True,Mode C: Immediate security escalation from ADAPTIVE-STANDARD-V1 to ADAPTIVE-HIGH-ASSURANCE-V1. Selected ADAPTIVE-HIGH-ASSURANCE-V1 (HIGH_ASSURANCE) for ROUTINE traffic under HIGH threat. All safety invariants and latency constraints are satisfied.,520.909,0.1789,0.0978,521.1857,256,840.0,True,SCN-005,SCN-005: Fluctuating Noise / Anti-Oscillation Test
18,34.0,CRUISE,AIRCRAFT_STATUS,ROUTINE,5000.0,30.0,0.0001,0,0,0,0,0,NORMAL,8.73,0.9819,HIGH_CONFIDENCE,18.24,NOMINAL,False,STABLE,-0.074,False,ADAPTIVE-HIGH-ASSURANCE-V1,ADAPTIVE-HIGH-ASSURANCE-V1,DOWNGRADE_HELD,1,False,Mode C: Anti-oscillation hold active: candidate ADAPTIVE-STANDARD-V1 requires lower assurance than active ADAPTIVE-HIGH-ASSURANCE-V1. Retaining ADAPTIVE-HIGH-ASSURANCE-V1 (dwell count 1/3).,522.676,0.1743,0.0716,0.2459,256,840.0,True,SCN-005,SCN-005: Fluctuating Noise / Anti-Oscillation Test
19,36.0,CRUISE,AIRCRAFT_STATUS,ROUTINE,5000.0,30.0,0.0001,0,0,0,0,0,NORMAL,8.73,0.9819,HIGH_CONFIDENCE,18.24,NOMINAL,False,STABLE,-0.205,False,ADAPTIVE-HIGH-ASSURANCE-V1,ADAPTIVE-HIGH-ASSURANCE-V1,DOWNGRADE_HELD,2,False,Mode C: Anti-oscillation hold active: candidate ADAPTIVE-STANDARD-V1 requires lower assurance than active ADAPTIVE-HIGH-ASSURANCE-V1. Retaining ADAPTIVE-HIGH-ASSURANCE-V1 (dwell count 2/3).,538.4281,0.157,0.072,0.22899999999999998,256,840.0,True,SCN-005,SCN-005: Fluctuating Noise / Anti-Oscillation Test
20,38.0,CRUISE,AIRCRAFT_STATUS,ROUTINE,5000.0,30.0,0.0001,0,0,0,0,0,NORMAL,8.73,0.9819,HIGH_CONFIDENCE,18.24,NOMINAL,False,STABLE,-0.617,False,ADAPTIVE-HIGH-ASSURANCE-V1,ADAPTIVE-STANDARD-V1,DOWNGRADE_EXECUTED,0,False,Mode C: Safe downgrade executed from ADAPTIVE-HIGH-ASSURANCE-V1 to ADAPTIVE-STANDARD-V1 after 3 consecutive stable low-threat steps. Selected ADAPTIVE-STANDARD-V1 (STANDARD) for ROUTINE traffic under NORMAL threat. All safety invariants and latency constraints are satisfied.,1.9832,0.0995,0.0862,2.1689,128,185.0,True,SCN-005,SCN-005: Fluctuating Noise / Anti-Oscillation Test
21,40.0,CRUISE,AIRCRAFT_STATUS,ROUTINE,5000.0,30.0,0.008,1,1,0,0,0,NORMAL,27.01,0.9838,LOW_CONFIDENCE_FALLBACK,100.0,CRITICAL,True,MODERATE_INCREASE,0.896,False,ADAPTIVE-STANDARD-V1,ADAPTIVE-HIGH-ASSURANCE-V1,ESCALATION,0,True,Mode C: Immediate security escalation from ADAPTIVE-STANDARD-V1 to ADAPTIVE-HIGH-ASSURANCE-V1. Selected ADAPTIVE-HIGH-ASSURANCE-V1 (HIGH_ASSURANCE) for ROUTINE traffic under HIGH threat. All safety invariants and latency constraints are satisfied.,524.0419,0.1602,0.0698,524.2719,256,840.0,True,SCN-005,SCN-005: Fluctuating Noise / Anti-Oscillation Test
22,42.0,CRUISE,AIRCRAFT_STATUS,ROUTINE,5000.0,30.0,0.0001,0,0,0,0,0,NORMAL,8.73,0.9819,HIGH_CONFIDENCE,18.24,NOMINAL,False,STABLE,-0.074,False,ADAPTIVE-HIGH-ASSURANCE-V1,ADAPTIVE-HIGH-ASSURANCE-V1,DOWNGRADE_HELD,1,False,Mode C: Anti-oscillation hold active: candidate ADAPTIVE-STANDARD-V1 requires lower assurance than active ADAPTIVE-HIGH-ASSURANCE-V1. Retaining ADAPTIVE-HIGH-ASSURANCE-V1 (dwell count 1/3).,4975.7973,0.3056,0.1947,0.5003,256,840.0,True,SCN-005,SCN-005: Fluctuating Noise / Anti-Oscillation Test
23,44.0,CRUISE,AIRCRAFT_STATUS,ROUTINE,5000.0,30.0,0.0001,0,0,0,0,0,NORMAL,8.73,0.9819,HIGH_CONFIDENCE,18.24,NOMINAL,False,STABLE,-0.205,False,ADAPTIVE-HIGH-ASSURANCE-V1,ADAPTIVE-HIGH-ASSURANCE-V1,DOWNGRADE_HELD,2,False,Mode C: Anti-oscillation hold active: candidate ADAPTIVE-STANDARD-V1 requires lower assurance than active ADAPTIVE-HIGH-ASSURANCE-V1. Retaining ADAPTIVE-HIGH-ASSURANCE-V1 (dwell count 2/3).,4673.5162,0.3358,4.4297,4.7655,256,840.0,True,SCN-005,SCN-005: Fluctuating Noise / Anti-Oscillation Test
24,46.0,CRUISE,AIRCRAFT_STATUS,ROUTINE,5000.0,30.0,0.0001,0,0,0,0,0,NORMAL,8.73,0.9819,HIGH_CONFIDENCE,18.24,NOMINAL,False,STABLE,-0.617,False,ADAPTIVE-HIGH-ASSURANCE-V1,ADAPTIVE-STANDARD-V1,DOWNGRADE_EXECUTED,0,False,Mode C: Safe downgrade executed from ADAPTIVE-HIGH-ASSURANCE-V1 to ADAPTIVE-STANDARD-V1 after 3 consecutive stable low-threat steps. Selected ADAPTIVE-STANDARD-V1 (STANDARD) for ROUTINE traffic under NORMAL threat. All safety invariants and latency constraints are satisfied.,15.5512,0.2704,0.1817,16.0033,128,185.0,True,SCN-005,SCN-005: Fluctuating Noise / Anti-Oscillation Test
25,48.0,CRUISE,AIRCRAFT_STATUS,ROUTINE,5000.0,30.0,0.008,1,1,0,0,0,NORMAL,27.01,0.9838,LOW_CONFIDENCE_FALLBACK,100.0,CRITICAL,True,MODERATE_INCREASE,0.896,False,ADAPTIVE-STANDARD-V1,ADAPTIVE-HIGH-ASSURANCE-V1,ESCALATION,0,True,Mode C: Immediate security escalation from ADAPTIVE-STANDARD-V1 to ADAPTIVE-HIGH-ASSURANCE-V1. Selected ADAPTIVE-HIGH-ASSURANCE-V1 (HIGH_ASSURANCE) for ROUTINE traffic under HIGH threat. All safety invariants and latency constraints are satisfied.,7325.285,0.6445,2.3593,7328.2888,256,840.0,False,SCN-005,SCN-005: Fluctuating Noise / Anti-Oscillation Test
26,50.0,CRUISE,AIRCRAFT_STATUS,ROUTINE,5000.0,30.0,0.0001,0,0,0,0,0,NORMAL,8.73,0.9819,HIGH_CONFIDENCE,18.24,NOMINAL,False,STABLE,-0.074,False,ADAPTIVE-HIGH-ASSURANCE-V1,ADAPTIVE-HIGH-ASSURANCE-V1,DOWNGRADE_HELD,1,False,Mode C: Anti-oscillation hold active: candidate ADAPTIVE-STANDARD-V1 requires lower assurance than active ADAPTIVE-HIGH-ASSURANCE-V1. Retaining ADAPTIVE-HIGH-ASSURANCE-V1 (dwell count 1/3).,4074.3483,0.3701,0.2323,0.6024,256,840.0,True,SCN-005,SCN-005: Fluctuating Noise / Anti-Oscillation Test
27,52.0,CRUISE,AIRCRAFT_STATUS,ROUTINE,5000.0,30.0,0.0001,0,0,0,0,0,NORMAL,8.73,0.9819,HIGH_CONFIDENCE,18.24,NOMINAL,False,STABLE,-0.205,False,ADAPTIVE-HIGH-ASSURANCE-V1,ADAPTIVE-HIGH-ASSURANCE-V1,DOWNGRADE_HELD,2,False,Mode C: Anti-oscillation hold active: candidate ADAPTIVE-STANDARD-V1 requires lower assurance than active ADAPTIVE-HIGH-ASSURANCE-V1. Retaining ADAPTIVE-HIGH-ASSURANCE-V1 (dwell count 2/3).,5121.4584,0.34,0.2216,0.5616,256,840.0,True,SCN-005,SCN-005: Fluctuating Noise / Anti-Oscillation Test
28,54.0,CRUISE,AIRCRAFT_STATUS,ROUTINE,5000.0,30.0,0.0001,0,0,0,0,0,NORMAL,8.73,0.9819,HIGH_CONFIDENCE,18.24,NOMINAL,False,STABLE,-0.617,False,ADAPTIVE-HIGH-ASSURANCE-V1,ADAPTIVE-STANDARD-V1,DOWNGRADE_EXECUTED,0,False,Mode C: Safe downgrade executed from ADAPTIVE-HIGH-ASSURANCE-V1 to ADAPTIVE-STANDARD-V1 after 3 consecutive stable low-threat steps. Selected ADAPTIVE-STANDARD-V1 (STANDARD) for ROUTINE traffic under NORMAL threat. All safety invariants and latency constraints are satisfied.,18.1244,0.388,0.2506,18.763,128,185.0,True,SCN-005,SCN-005: Fluctuating Noise / Anti-Oscillation Test
29,56.0,CRUISE,AIRCRAFT_STATUS,ROUTINE,5000.0,30.0,0.008,1,1,0,0,0,NORMAL,27.01,0.9838,LOW_CONFIDENCE_FALLBACK,100.0,CRITICAL,True,MODERATE_INCREASE,0.896,False,ADAPTIVE-STANDARD-V1,ADAPTIVE-HIGH-ASSURANCE-V1,ESCALATION,0,True,Mode C: Immediate security escalation from ADAPTIVE-STANDARD-V1 to ADAPTIVE-HIGH-ASSURANCE-V1. Selected ADAPTIVE-HIGH-ASSURANCE-V1 (HIGH_ASSURANCE) for ROUTINE traffic under HIGH threat. All safety invariants and latency constraints are satisfied.,4997.5215,0.3928,0.2296,4998.1439,256,840.0,True,SCN-005,SCN-005: Fluctuating Noise / Anti-Oscillation Test
30,58.0,CRUISE,AIRCRAFT_STATUS,ROUTINE,5000.0,30.0,0.0001,0,0,0,0,0,NORMAL,8.73,0.9819,HIGH_CONFIDENCE,18.24,NOMINAL,False,STABLE,-0.074,False,ADAPTIVE-HIGH-ASSURANCE-V1,ADAPTIVE-HIGH-ASSURANCE-V1,DOWNGRADE_HELD,1,False,Mode C: Anti-oscillation hold active: candidate ADAPTIVE-STANDARD-V1 requires lower assurance than active ADAPTIVE-HIGH-ASSURANCE-V1. Retaining ADAPTIVE-HIGH-ASSURANCE-V1 (dwell count 1/3).,4481.5883,0.3543,0.2007,0.5549999999999999,256,840.0,True,SCN-005,SCN-005: Fluctuating Noise / Anti-Oscillation Test
1,0.0,CRUISE,AIRCRAFT_STATUS,ROUTINE,5000.0,20.0,0.0002,0,0,0,0,0,NORMAL,8.42,0.9821,HIGH_CONFIDENCE,18.24,NOMINAL,False,STABLE,0.0,False,ADAPTIVE-STANDARD-V1,ADAPTIVE-STANDARD-V1,INITIAL,0,False,Mode C: Initial profile established: ADAPTIVE-STANDARD-V1.,16.3544,2.8276,0.7785,19.9605,128,185.0,True,SCN-006,SCN-006: Emergency Descent Collision Avoidance
2,1.0,CRUISE,AIRCRAFT_STATUS,ROUTINE,5000.0,20.0,0.0002,0,0,0,0,0,NORMAL,8.42,0.9821,HIGH_CONFIDENCE,18.24,NOMINAL,False,STABLE,-0.0,False,ADAPTIVE-STANDARD-V1,ADAPTIVE-STANDARD-V1,STABLE,0,False,Mode C: Profile maintained at ADAPTIVE-STANDARD-V1.,16.5312,0.3942,3.8552,4.2494,128,185.0,True,SCN-006,SCN-006: Emergency Descent Collision Avoidance
3,2.0,CRUISE,AIRCRAFT_STATUS,ROUTINE,5000.0,20.0,0.0002,0,0,0,0,0,NORMAL,8.42,0.9821,HIGH_CONFIDENCE,18.24,NOMINAL,False,STABLE,-0.0,False,ADAPTIVE-STANDARD-V1,ADAPTIVE-STANDARD-V1,STABLE,0,False,Mode C: Profile maintained at ADAPTIVE-STANDARD-V1.,11.0134,0.2831,0.1843,0.46740000000000004,128,185.0,True,SCN-006,SCN-006: Emergency Descent Collision Avoidance
4,3.0,CRUISE,AIRCRAFT_STATUS,ROUTINE,5000.0,20.0,0.0002,0,0,0,0,0,NORMAL,8.42,0.9821,HIGH_CONFIDENCE,18.24,NOMINAL,False,STABLE,0.0,False,ADAPTIVE-STANDARD-V1,ADAPTIVE-STANDARD-V1,STABLE,0,False,Mode C: Profile maintained at ADAPTIVE-STANDARD-V1.,14.9482,0.3016,0.2344,0.536,128,185.0,True,SCN-006,SCN-006: Emergency Descent Collision Avoidance
5,4.0,CRUISE,AIRCRAFT_STATUS,ROUTINE,5000.0,20.0,0.0002,0,0,0,0,0,NORMAL,8.42,0.9821,HIGH_CONFIDENCE,18.24,NOMINAL,False,STABLE,0.0,False,ADAPTIVE-STANDARD-V1,ADAPTIVE-STANDARD-V1,STABLE,0,False,Mode C: Profile maintained at ADAPTIVE-STANDARD-V1.,9.7106,6.9645,0.2418,7.2063,128,185.0,True,SCN-006,SCN-006: Emergency Descent Collision Avoidance
6,5.0,EMERGENCY_DESCENT,TCAS_RESOLUTION_ADVISORY,SAFETY_CRITICAL,5000.0,50.0,0.0002,0,0,0,0,0,NORMAL,9.99,0.993,HIGH_CONFIDENCE,18.24,NOMINAL,False,STABLE,0.368,False,ADAPTIVE-STANDARD-V1,ADAPTIVE-CRITICAL-V1,ESCALATION,0,True,Mode C: Immediate security escalation from ADAPTIVE-STANDARD-V1 to ADAPTIVE-CRITICAL-V1. Selected ADAPTIVE-CRITICAL-V1 (CRITICAL) for SAFETY_CRITICAL traffic under NORMAL threat. All safety invariants and latency constraints are satisfied.,4283.4738,0.3761,0.2589,4284.1088,384,1450.0,True,SCN-006,SCN-006: Emergency Descent Collision Avoidance
7,6.0,EMERGENCY_DESCENT,TCAS_RESOLUTION_ADVISORY,SAFETY_CRITICAL,5000.0,50.0,0.0002,0,0,0,0,0,NORMAL,9.99,0.993,HIGH_CONFIDENCE,18.24,NOMINAL,False,STABLE,0.372,False,ADAPTIVE-CRITICAL-V1,ADAPTIVE-CRITICAL-V1,STABLE,0,True,Mode C: Profile maintained at ADAPTIVE-CRITICAL-V1.,4103.115,0.3397,0.2403,0.5800000000000001,384,1450.0,True,SCN-006,SCN-006: Emergency Descent Collision Avoidance
8,7.0,EMERGENCY_DESCENT,TCAS_RESOLUTION_ADVISORY,SAFETY_CRITICAL,5000.0,50.0,0.0002,0,0,0,0,0,NORMAL,9.99,0.993,HIGH_CONFIDENCE,18.24,NOMINAL,False,STABLE,0.32,False,ADAPTIVE-CRITICAL-V1,ADAPTIVE-CRITICAL-V1,STABLE,0,True,Mode C: Profile maintained at ADAPTIVE-CRITICAL-V1.,4497.7492,0.3549,0.2249,0.5798,384,1450.0,True,SCN-006,SCN-006: Emergency Descent Collision Avoidance
9,8.0,EMERGENCY_DESCENT,TCAS_RESOLUTION_ADVISORY,SAFETY_CRITICAL,5000.0,50.0,0.0002,0,0,0,0,0,NORMAL,9.99,0.993,HIGH_CONFIDENCE,18.24,NOMINAL,False,STABLE,0.268,False,ADAPTIVE-CRITICAL-V1,ADAPTIVE-CRITICAL-V1,STABLE,0,True,Mode C: Profile maintained at ADAPTIVE-CRITICAL-V1.,3873.0217,0.3617,0.2113,0.573,384,1450.0,True,SCN-006,SCN-006: Emergency Descent Collision Avoidance
10,9.0,EMERGENCY_DESCENT,TCAS_RESOLUTION_ADVISORY,SAFETY_CRITICAL,5000.0,50.0,0.0002,0,0,0,0,0,NORMAL,9.99,0.993,HIGH_CONFIDENCE,18.24,NOMINAL,False,STABLE,0.224,False,ADAPTIVE-CRITICAL-V1,ADAPTIVE-CRITICAL-V1,STABLE,0,True,Mode C: Profile maintained at ADAPTIVE-CRITICAL-V1.,4664.9998,0.3384,2.6003,2.9387,384,1450.0,True,SCN-006,SCN-006: Emergency Descent Collision Avoidance
11,10.0,EMERGENCY_DESCENT,TCAS_RESOLUTION_ADVISORY,SAFETY_CRITICAL,5000.0,50.0,0.0002,0,0,0,0,0,NORMAL,9.99,0.993,HIGH_CONFIDENCE,18.24,NOMINAL,False,STABLE,0.185,False,ADAPTIVE-CRITICAL-V1,ADAPTIVE-CRITICAL-V1,STABLE,0,True,Mode C: Profile maintained at ADAPTIVE-CRITICAL-V1.,4155.415,0.3659,0.2171,0.583,384,1450.0,True,SCN-006,SCN-006: Emergency Descent Collision Avoidance
12,11.0,EMERGENCY_DESCENT,TCAS_RESOLUTION_ADVISORY,SAFETY_CRITICAL,5000.0,50.0,0.0002,0,0,0,0,0,NORMAL,9.99,0.993,HIGH_CONFIDENCE,18.24,NOMINAL,False,STABLE,0.14,False,ADAPTIVE-CRITICAL-V1,ADAPTIVE-CRITICAL-V1,STABLE,0,True,Mode C: Profile maintained at ADAPTIVE-CRITICAL-V1.,3812.9812,0.4201,0.2993,0.7194,384,1450.0,True,SCN-006,SCN-006: Emergency Descent Collision Avoidance
13,12.0,EMERGENCY_DESCENT,TCAS_RESOLUTION_ADVISORY,SAFETY_CRITICAL,5000.0,50.0,0.0002,0,0,0,0,0,NORMAL,9.99,0.993,HIGH_CONFIDENCE,18.24,NOMINAL,False,STABLE,0.092,False,ADAPTIVE-CRITICAL-V1,ADAPTIVE-CRITICAL-V1,STABLE,0,True,Mode C: Profile maintained at ADAPTIVE-CRITICAL-V1.,3534.8094,2.0818,0.3006,2.3823999999999996,384,1450.0,True,SCN-006,SCN-006: Emergency Descent Collision Avoidance
14,13.0,EMERGENCY_DESCENT,TCAS_RESOLUTION_ADVISORY,SAFETY_CRITICAL,5000.0,50.0,0.0002,0,0,0,0,0,NORMAL,9.99,0.993,HIGH_CONFIDENCE,18.24,NOMINAL,False,STABLE,0.045,False,ADAPTIVE-CRITICAL-V1,ADAPTIVE-CRITICAL-V1,STABLE,0,True,Mode C: Profile maintained at ADAPTIVE-CRITICAL-V1.,3607.7691,1.5242,0.254,1.7782,384,1450.0,True,SCN-006,SCN-006: Emergency Descent Collision Avoidance
15,14.0,EMERGENCY_DESCENT,TCAS_RESOLUTION_ADVISORY,SAFETY_CRITICAL,5000.0,50.0,0.0002,0,0,0,0,0,NORMAL,9.99,0.993,HIGH_CONFIDENCE,18.24,NOMINAL,False,STABLE,0.0,False,ADAPTIVE-CRITICAL-V1,ADAPTIVE-CRITICAL-V1,STABLE,0,True,Mode C: Profile maintained at ADAPTIVE-CRITICAL-V1.,3831.4832,0.2915,0.1905,0.482,384,1450.0,True,SCN-006,SCN-006: Emergency Descent Collision Avoidance
16,15.0,EMERGENCY_DESCENT,TCAS_RESOLUTION_ADVISORY,SAFETY_CRITICAL,5000.0,50.0,0.0002,0,0,0,0,0,NORMAL,9.99,0.993,HIGH_CONFIDENCE,18.24,NOMINAL,False,STABLE,0.0,False,ADAPTIVE-CRITICAL-V1,ADAPTIVE-CRITICAL-V1,STABLE,0,True,Mode C: Profile maintained at ADAPTIVE-CRITICAL-V1.,3803.9662,0.2803,0.1819,0.4622,384,1450.0,True,SCN-006,SCN-006: Emergency Descent Collision Avoidance
17,16.0,CRUISE,AIRCRAFT_STATUS,ROUTINE,5000.0,20.0,0.0002,0,0,0,0,0,NORMAL,8.42,0.9821,HIGH_CONFIDENCE,18.24,NOMINAL,False,STABLE,-0.15,False,ADAPTIVE-CRITICAL-V1,ADAPTIVE-CRITICAL-V1,DOWNGRADE_HELD,1,False,Mode C: Anti-oscillation hold active: candidate ADAPTIVE-STANDARD-V1 requires lower assurance than active ADAPTIVE-CRITICAL-V1. Retaining ADAPTIVE-CRITICAL-V1 (dwell count 1/3).,3601.4842,0.3162,0.1677,0.4839,384,1450.0,True,SCN-006,SCN-006: Emergency Descent Collision Avoidance
18,17.0,CRUISE,AIRCRAFT_STATUS,ROUTINE,5000.0,20.0,0.0002,0,0,0,0,0,NORMAL,8.42,0.9821,HIGH_CONFIDENCE,18.24,NOMINAL,False,STABLE,-0.228,False,ADAPTIVE-CRITICAL-V1,ADAPTIVE-CRITICAL-V1,DOWNGRADE_HELD,2,False,Mode C: Anti-oscillation hold active: candidate ADAPTIVE-STANDARD-V1 requires lower assurance than active ADAPTIVE-CRITICAL-V1. Retaining ADAPTIVE-CRITICAL-V1 (dwell count 2/3).,3779.3614,0.4255,3.8119,4.2374,384,1450.0,True,SCN-006,SCN-006: Emergency Descent Collision Avoidance
19,18.0,CRUISE,AIRCRAFT_STATUS,ROUTINE,5000.0,20.0,0.0002,0,0,0,0,0,NORMAL,8.42,0.9821,HIGH_CONFIDENCE,18.24,NOMINAL,False,STABLE,-0.256,False,ADAPTIVE-CRITICAL-V1,ADAPTIVE-STANDARD-V1,DOWNGRADE_EXECUTED,0,False,Mode C: Safe downgrade executed from ADAPTIVE-CRITICAL-V1 to ADAPTIVE-STANDARD-V1 after 3 consecutive stable low-threat steps. Selected ADAPTIVE-STANDARD-V1 (STANDARD) for ROUTINE traffic under NORMAL threat. All safety invariants and latency constraints are satisfied.,11.1513,0.3095,2.0256,13.4864,128,185.0,True,SCN-006,SCN-006: Emergency Descent Collision Avoidance
20,19.0,CRUISE,AIRCRAFT_STATUS,ROUTINE,5000.0,20.0,0.0002,0,0,0,0,0,NORMAL,8.42,0.9821,HIGH_CONFIDENCE,18.24,NOMINAL,False,STABLE,-0.25,False,ADAPTIVE-STANDARD-V1,ADAPTIVE-STANDARD-V1,STABLE,0,False,Mode C: Profile maintained at ADAPTIVE-STANDARD-V1.,10.2313,0.3087,0.1961,0.5047999999999999,128,185.0,True,SCN-006,SCN-006: Emergency Descent Collision Avoidance
1,0.0,CRUISE,WEATHER_RADAR_DATA,ROUTINE,5000.0,25.0,0.0001,0,0,0,0,0,NORMAL,9.13,0.9617,HIGH_CONFIDENCE,18.24,NOMINAL,False,STABLE,0.0,False,ADAPTIVE-STANDARD-V1,ADAPTIVE-STANDARD-V1,INITIAL,0,False,Mode C: Initial profile established: ADAPTIVE-STANDARD-V1.,8.1521,0.2845,1.2179,9.6545,128,185.0,True,SCN-007,SCN-007: Out-of-Distribution Sensor Glitch
2,2.0,CRUISE,WEATHER_RADAR_DATA,ROUTINE,5000.0,25.0,0.0001,0,0,0,0,0,NORMAL,9.13,0.9617,HIGH_CONFIDENCE,18.24,NOMINAL,False,STABLE,-0.0,False,ADAPTIVE-STANDARD-V1,ADAPTIVE-STANDARD-V1,STABLE,0,False,Mode C: Profile maintained at ADAPTIVE-STANDARD-V1.,14.2426,0.2786,1.1722,1.4507999999999999,128,185.0,True,SCN-007,SCN-007: Out-of-Distribution Sensor Glitch
3,4.0,CRUISE,WEATHER_RADAR_DATA,ROUTINE,5000.0,25.0,0.0001,0,0,0,0,0,NORMAL,9.13,0.9617,HIGH_CONFIDENCE,18.24,NOMINAL,False,STABLE,-0.0,False,ADAPTIVE-STANDARD-V1,ADAPTIVE-STANDARD-V1,STABLE,0,False,Mode C: Profile maintained at ADAPTIVE-STANDARD-V1.,7.7069,0.2752,0.188,0.4632,128,185.0,True,SCN-007,SCN-007: Out-of-Distribution Sensor Glitch
4,6.0,CRUISE,WEATHER_RADAR_DATA,ROUTINE,5000.0,25.0,0.0001,0,0,0,0,0,NORMAL,9.13,0.9617,HIGH_CONFIDENCE,18.24,NOMINAL,False,STABLE,0.0,False,ADAPTIVE-STANDARD-V1,ADAPTIVE-STANDARD-V1,STABLE,0,False,Mode C: Profile maintained at ADAPTIVE-STANDARD-V1.,15.4895,0.2607,0.1829,0.4436,128,185.0,True,SCN-007,SCN-007: Out-of-Distribution Sensor Glitch
5,8.0,CRUISE,WEATHER_RADAR_DATA,ROUTINE,5000.0,25.0,0.0001,0,0,0,0,0,NORMAL,9.13,0.9617,HIGH_CONFIDENCE,18.24,NOMINAL,False,STABLE,0.0,False,ADAPTIVE-STANDARD-V1,ADAPTIVE-STANDARD-V1,STABLE,0,False,Mode C: Profile maintained at ADAPTIVE-STANDARD-V1.,8.8319,0.2636,0.1996,0.4632,128,185.0,True,SCN-007,SCN-007: Out-of-Distribution Sensor Glitch
6,10.0,CRUISE,WEATHER_RADAR_DATA,ROUTINE,5000.0,25.0,0.0001,0,0,0,0,0,NORMAL,9.13,0.9617,HIGH_CONFIDENCE,18.24,NOMINAL,False,STABLE,0.0,False,ADAPTIVE-STANDARD-V1,ADAPTIVE-STANDARD-V1,STABLE,0,False,Mode C: Profile maintained at ADAPTIVE-STANDARD-V1.,13.9578,1.3429,0.2554,1.5983,128,185.0,True,SCN-007,SCN-007: Out-of-Distribution Sensor Glitch
7,12.0,CRUISE,WEATHER_RADAR_DATA,ROUTINE,5000.0,140.0,0.012,0,0,0,0,0,HIGH,37.32,0.9947,LOW_CONFIDENCE_FALLBACK,100.0,CRITICAL,True,RAPID_ESCALATION,5.086,True,ADAPTIVE-STANDARD-V1,ADAPTIVE-HIGH-ASSURANCE-V1,ESCALATION,0,False,Mode C: Immediate security escalation from ADAPTIVE-STANDARD-V1 to ADAPTIVE-HIGH-ASSURANCE-V1. Selected ADAPTIVE-HIGH-ASSURANCE-V1 (HIGH_ASSURANCE) for ROUTINE traffic under HIGH threat. All safety invariants and latency constraints are satisfied.,3368.4052,0.3576,1.1449,3369.9077,256,840.0,True,SCN-007,SCN-007: Out-of-Distribution Sensor Glitch
8,14.0,CRUISE,WEATHER_RADAR_DATA,ROUTINE,5000.0,140.0,0.012,0,0,0,0,0,HIGH,37.32,0.9947,LOW_CONFIDENCE_FALLBACK,100.0,CRITICAL,True,RAPID_ESCALATION,5.626,True,ADAPTIVE-HIGH-ASSURANCE-V1,ADAPTIVE-HIGH-ASSURANCE-V1,STABLE,0,False,Mode C: Profile maintained at ADAPTIVE-HIGH-ASSURANCE-V1.,3584.5411,0.3561,0.1994,0.5555,256,840.0,True,SCN-007,SCN-007: Out-of-Distribution Sensor Glitch
9,16.0,CRUISE,WEATHER_RADAR_DATA,ROUTINE,5000.0,140.0,0.012,0,0,0,0,0,HIGH,37.32,0.9947,LOW_CONFIDENCE_FALLBACK,100.0,CRITICAL,True,RAPID_ESCALATION,5.148,True,ADAPTIVE-HIGH-ASSURANCE-V1,ADAPTIVE-HIGH-ASSURANCE-V1,STABLE,0,False,Mode C: Profile maintained at ADAPTIVE-HIGH-ASSURANCE-V1.,3437.6823,0.4035,0.1883,0.5918,256,840.0,True,SCN-007,SCN-007: Out-of-Distribution Sensor Glitch
10,18.0,CRUISE,WEATHER_RADAR_DATA,ROUTINE,5000.0,140.0,0.012,0,0,0,0,0,HIGH,37.32,0.9947,LOW_CONFIDENCE_FALLBACK,100.0,CRITICAL,True,RAPID_ESCALATION,4.493,True,ADAPTIVE-HIGH-ASSURANCE-V1,ADAPTIVE-HIGH-ASSURANCE-V1,STABLE,0,False,Mode C: Profile maintained at ADAPTIVE-HIGH-ASSURANCE-V1.,2968.4719,0.4393,0.1971,0.6364000000000001,256,840.0,True,SCN-007,SCN-007: Out-of-Distribution Sensor Glitch
11,20.0,CRUISE,WEATHER_RADAR_DATA,ROUTINE,5000.0,140.0,0.012,0,0,0,0,0,HIGH,37.32,0.9947,LOW_CONFIDENCE_FALLBACK,100.0,CRITICAL,True,RAPID_ESCALATION,4.018,True,ADAPTIVE-HIGH-ASSURANCE-V1,ADAPTIVE-HIGH-ASSURANCE-V1,STABLE,0,False,Mode C: Profile maintained at ADAPTIVE-HIGH-ASSURANCE-V1.,2902.7386,0.3424,0.2071,0.5495,256,840.0,True,SCN-007,SCN-007: Out-of-Distribution Sensor Glitch
12,22.0,CRUISE,WEATHER_RADAR_DATA,ROUTINE,5000.0,140.0,0.012,0,0,0,0,0,HIGH,37.32,0.9947,LOW_CONFIDENCE_FALLBACK,100.0,CRITICAL,True,RAPID_ESCALATION,3.321,True,ADAPTIVE-HIGH-ASSURANCE-V1,ADAPTIVE-HIGH-ASSURANCE-V1,STABLE,0,False,Mode C: Profile maintained at ADAPTIVE-HIGH-ASSURANCE-V1.,3775.2041,0.3666,0.2024,0.569,256,840.0,True,SCN-007,SCN-007: Out-of-Distribution Sensor Glitch
13,24.0,CRUISE,WEATHER_RADAR_DATA,ROUTINE,5000.0,140.0,0.012,0,0,0,0,0,HIGH,37.32,0.9947,LOW_CONFIDENCE_FALLBACK,100.0,CRITICAL,True,RAPID_ESCALATION,2.509,True,ADAPTIVE-HIGH-ASSURANCE-V1,ADAPTIVE-HIGH-ASSURANCE-V1,STABLE,0,False,Mode C: Profile maintained at ADAPTIVE-HIGH-ASSURANCE-V1.,4709.9344,0.372,0.2029,0.5749,256,840.0,True,SCN-007,SCN-007: Out-of-Distribution Sensor Glitch
14,26.0,CRUISE,WEATHER_RADAR_DATA,ROUTINE,5000.0,25.0,0.0001,0,0,0,0,0,NORMAL,9.13,0.9617,HIGH_CONFIDENCE,18.24,NOMINAL,False,DECREASING,-1.047,False,ADAPTIVE-HIGH-ASSURANCE-V1,ADAPTIVE-HIGH-ASSURANCE-V1,DOWNGRADE_HELD,1,False,Mode C: Anti-oscillation hold active: candidate ADAPTIVE-STANDARD-V1 requires lower assurance than active ADAPTIVE-HIGH-ASSURANCE-V1. Retaining ADAPTIVE-HIGH-ASSURANCE-V1 (dwell count 1/3).,4243.6906,5.0668,0.3872,5.454,256,840.0,True,SCN-007,SCN-007: Out-of-Distribution Sensor Glitch
15,28.0,CRUISE,WEATHER_RADAR_DATA,ROUTINE,5000.0,25.0,0.0001,0,0,0,0,0,NORMAL,9.13,0.9617,HIGH_CONFIDENCE,18.24,NOMINAL,False,RECOVERING,-3.285,False,ADAPTIVE-HIGH-ASSURANCE-V1,ADAPTIVE-HIGH-ASSURANCE-V1,DOWNGRADE_HELD,2,False,Mode C: Anti-oscillation hold active: candidate ADAPTIVE-STANDARD-V1 requires lower assurance than active ADAPTIVE-HIGH-ASSURANCE-V1. Retaining ADAPTIVE-HIGH-ASSURANCE-V1 (dwell count 2/3).,4373.9744,0.3392,0.2504,0.5896,256,840.0,True,SCN-007,SCN-007: Out-of-Distribution Sensor Glitch
16,30.0,CRUISE,WEATHER_RADAR_DATA,ROUTINE,5000.0,25.0,0.0001,0,0,0,0,0,NORMAL,9.13,0.9617,HIGH_CONFIDENCE,18.24,NOMINAL,False,RECOVERING,-4.59,False,ADAPTIVE-HIGH-ASSURANCE-V1,ADAPTIVE-STANDARD-V1,DOWNGRADE_EXECUTED,0,False,Mode C: Safe downgrade executed from ADAPTIVE-HIGH-ASSURANCE-V1 to ADAPTIVE-STANDARD-V1 after 3 consecutive stable low-threat steps. Selected ADAPTIVE-STANDARD-V1 (STANDARD) for ROUTINE traffic under NORMAL threat. All safety invariants and latency constraints are satisfied.,9.4753,0.2597,0.1792,9.9142,128,185.0,True,SCN-007,SCN-007: Out-of-Distribution Sensor Glitch
17,32.0,CRUISE,WEATHER_RADAR_DATA,ROUTINE,5000.0,25.0,0.0001,0,0,0,0,0,NORMAL,9.13,0.9617,HIGH_CONFIDENCE,18.24,NOMINAL,False,RECOVERING,-4.493,False,ADAPTIVE-STANDARD-V1,ADAPTIVE-STANDARD-V1,STABLE,0,False,Mode C: Profile maintained at ADAPTIVE-STANDARD-V1.,6.9716,0.2554,0.1815,0.4369,128,185.0,True,SCN-007,SCN-007: Out-of-Distribution Sensor Glitch
18,34.0,CRUISE,WEATHER_RADAR_DATA,ROUTINE,5000.0,25.0,0.0001,0,0,0,0,0,NORMAL,9.13,0.9617,HIGH_CONFIDENCE,18.24,NOMINAL,False,RECOVERING,-4.018,False,ADAPTIVE-STANDARD-V1,ADAPTIVE-STANDARD-V1,STABLE,0,False,Mode C: Profile maintained at ADAPTIVE-STANDARD-V1.,8.8349,1.6183,0.3443,1.9626000000000001,128,185.0,True,SCN-007,SCN-007: Out-of-Distribution Sensor Glitch
19,36.0,CRUISE,WEATHER_RADAR_DATA,ROUTINE,5000.0,25.0,0.0001,0,0,0,0,0,NORMAL,9.13,0.9617,HIGH_CONFIDENCE,18.24,NOMINAL,False,RECOVERING,-3.321,False,ADAPTIVE-STANDARD-V1,ADAPTIVE-STANDARD-V1,STABLE,0,False,Mode C: Profile maintained at ADAPTIVE-STANDARD-V1.,7.5437,0.2644,0.2122,0.4766,128,185.0,True,SCN-007,SCN-007: Out-of-Distribution Sensor Glitch
20,38.0,CRUISE,WEATHER_RADAR_DATA,ROUTINE,5000.0,25.0,0.0001,0,0,0,0,0,NORMAL,9.13,0.9617,HIGH_CONFIDENCE,18.24,NOMINAL,False,RECOVERING,-2.509,False,ADAPTIVE-STANDARD-V1,ADAPTIVE-STANDARD-V1,STABLE,0,False,Mode C: Profile maintained at ADAPTIVE-STANDARD-V1.,11.5156,6.5548,0.2581,6.8129,128,185.0,True,SCN-007,SCN-007: Out-of-Distribution Sensor Glitch
1,0.0,MANEUVERING,AIRCRAFT_STATUS,ROUTINE,5000.0,30.0,0.0001,0,0,0,0,0,NORMAL,8.73,0.9819,HIGH_CONFIDENCE,18.24,NOMINAL,False,STABLE,0.0,False,ADAPTIVE-STANDARD-V1,ADAPTIVE-STANDARD-V1,INITIAL,0,False,Mode C: Initial profile established: ADAPTIVE-STANDARD-V1.,8.4103,0.3231,0.1856,8.919,128,185.0,True,SCN-008,SCN-008: Adversarial Telemetry Perturbation
2,2.0,MANEUVERING,AIRCRAFT_STATUS,ROUTINE,5000.0,30.0,0.0001,0,0,0,0,0,NORMAL,8.73,0.9819,HIGH_CONFIDENCE,18.24,NOMINAL,False,STABLE,-0.0,False,ADAPTIVE-STANDARD-V1,ADAPTIVE-STANDARD-V1,STABLE,0,False,Mode C: Profile maintained at ADAPTIVE-STANDARD-V1.,8.6738,0.2804,0.2504,0.5307999999999999,128,185.0,True,SCN-008,SCN-008: Adversarial Telemetry Perturbation
3,4.0,MANEUVERING,AIRCRAFT_STATUS,ROUTINE,5000.0,30.0,0.0001,0,0,0,0,0,NORMAL,8.73,0.9819,HIGH_CONFIDENCE,18.24,NOMINAL,False,STABLE,-0.0,False,ADAPTIVE-STANDARD-V1,ADAPTIVE-STANDARD-V1,STABLE,0,False,Mode C: Profile maintained at ADAPTIVE-STANDARD-V1.,13.3364,0.2816,0.2014,0.483,128,185.0,True,SCN-008,SCN-008: Adversarial Telemetry Perturbation
4,6.0,MANEUVERING,AIRCRAFT_STATUS,ROUTINE,5000.0,30.0,0.0001,0,0,0,0,0,NORMAL,8.73,0.9819,HIGH_CONFIDENCE,18.24,NOMINAL,False,STABLE,0.0,False,ADAPTIVE-STANDARD-V1,ADAPTIVE-STANDARD-V1,STABLE,0,False,Mode C: Profile maintained at ADAPTIVE-STANDARD-V1.,15.1111,0.3641,4.4758,4.839899999999999,128,185.0,True,SCN-008,SCN-008: Adversarial Telemetry Perturbation
5,8.0,MANEUVERING,AIRCRAFT_STATUS,ROUTINE,5000.0,30.0,0.0001,0,0,0,0,0,NORMAL,8.73,0.9819,HIGH_CONFIDENCE,18.24,NOMINAL,False,STABLE,-0.0,False,ADAPTIVE-STANDARD-V1,ADAPTIVE-STANDARD-V1,STABLE,0,False,Mode C: Profile maintained at ADAPTIVE-STANDARD-V1.,9.4964,0.2741,0.2533,0.5274000000000001,128,185.0,True,SCN-008,SCN-008: Adversarial Telemetry Perturbation
6,10.0,MANEUVERING,PRIMARY_FLIGHT_CONTROL,SAFETY_CRITICAL,5000.0,30.0,0.0001,0,0,0,0,0,NORMAL,10.07,0.9926,HIGH_CONFIDENCE,18.24,NOMINAL,False,STABLE,0.314,False,ADAPTIVE-STANDARD-V1,ADAPTIVE-CRITICAL-V1,ESCALATION,0,True,Mode C: Immediate security escalation from ADAPTIVE-STANDARD-V1 to ADAPTIVE-CRITICAL-V1. Selected ADAPTIVE-CRITICAL-V1 (CRITICAL) for SAFETY_CRITICAL traffic under NORMAL threat. All safety invariants and latency constraints are satisfied.,3123.3731,0.3438,0.2028,3123.9197,384,1450.0,True,SCN-008,SCN-008: Adversarial Telemetry Perturbation
7,12.0,MANEUVERING,PRIMARY_FLIGHT_CONTROL,SAFETY_CRITICAL,5000.0,30.0,0.0001,0,0,0,0,0,NORMAL,10.07,0.9926,HIGH_CONFIDENCE,18.24,NOMINAL,False,STABLE,0.317,False,ADAPTIVE-CRITICAL-V1,ADAPTIVE-CRITICAL-V1,STABLE,0,True,Mode C: Profile maintained at ADAPTIVE-CRITICAL-V1.,2815.0784,0.3611,0.2215,0.5826,384,1450.0,True,SCN-008,SCN-008: Adversarial Telemetry Perturbation
8,14.0,MANEUVERING,PRIMARY_FLIGHT_CONTROL,SAFETY_CRITICAL,5000.0,30.0,0.0001,0,0,0,0,0,NORMAL,10.07,0.9926,HIGH_CONFIDENCE,18.24,NOMINAL,False,STABLE,0.273,False,ADAPTIVE-CRITICAL-V1,ADAPTIVE-CRITICAL-V1,STABLE,0,True,Mode C: Profile maintained at ADAPTIVE-CRITICAL-V1.,3781.3157,0.3667,0.221,0.5877,384,1450.0,True,SCN-008,SCN-008: Adversarial Telemetry Perturbation
9,16.0,MANEUVERING,PRIMARY_FLIGHT_CONTROL,SAFETY_CRITICAL,5000.0,30.0,0.0001,0,0,0,0,0,NORMAL,10.07,0.9926,HIGH_CONFIDENCE,18.24,NOMINAL,False,STABLE,0.229,False,ADAPTIVE-CRITICAL-V1,ADAPTIVE-CRITICAL-V1,STABLE,0,True,Mode C: Profile maintained at ADAPTIVE-CRITICAL-V1.,4218.5915,0.3887,0.1985,0.5871999999999999,384,1450.0,True,SCN-008,SCN-008: Adversarial Telemetry Perturbation
10,18.0,MANEUVERING,PRIMARY_FLIGHT_CONTROL,SAFETY_CRITICAL,5000.0,30.0,0.0001,0,0,0,0,0,NORMAL,10.07,0.9926,HIGH_CONFIDENCE,18.24,NOMINAL,False,STABLE,0.191,False,ADAPTIVE-CRITICAL-V1,ADAPTIVE-CRITICAL-V1,STABLE,0,True,Mode C: Profile maintained at ADAPTIVE-CRITICAL-V1.,3358.8401,0.367,0.1978,0.5648,384,1450.0,True,SCN-008,SCN-008: Adversarial Telemetry Perturbation
11,20.0,MANEUVERING,PRIMARY_FLIGHT_CONTROL,SAFETY_CRITICAL,5000.0,30.0,0.0001,0,0,0,0,0,NORMAL,10.07,0.9926,HIGH_CONFIDENCE,18.24,NOMINAL,False,STABLE,0.158,False,ADAPTIVE-CRITICAL-V1,ADAPTIVE-CRITICAL-V1,STABLE,0,True,Mode C: Profile maintained at ADAPTIVE-CRITICAL-V1.,3210.3309,0.3519,0.2468,0.5987,384,1450.0,True,SCN-008,SCN-008: Adversarial Telemetry Perturbation
12,22.0,MANEUVERING,PRIMARY_FLIGHT_CONTROL,SAFETY_CRITICAL,5000.0,30.0,0.0001,0,0,0,0,0,NORMAL,10.07,0.9926,HIGH_CONFIDENCE,18.24,NOMINAL,False,STABLE,0.119,False,ADAPTIVE-CRITICAL-V1,ADAPTIVE-CRITICAL-V1,STABLE,0,True,Mode C: Profile maintained at ADAPTIVE-CRITICAL-V1.,3249.0247,0.3099,0.1837,0.49360000000000004,384,1450.0,True,SCN-008,SCN-008: Adversarial Telemetry Perturbation
13,24.0,MANEUVERING,PRIMARY_FLIGHT_CONTROL,SAFETY_CRITICAL,5000.0,30.0,0.0001,0,0,0,0,0,NORMAL,10.07,0.9926,HIGH_CONFIDENCE,18.24,NOMINAL,False,STABLE,0.079,False,ADAPTIVE-CRITICAL-V1,ADAPTIVE-CRITICAL-V1,STABLE,0,True,Mode C: Profile maintained at ADAPTIVE-CRITICAL-V1.,2619.5503,0.3693,3.5446,3.9139,384,1450.0,True,SCN-008,SCN-008: Adversarial Telemetry Perturbation
14,26.0,MANEUVERING,PRIMARY_FLIGHT_CONTROL,SAFETY_CRITICAL,5000.0,30.0,0.0001,0,0,0,0,0,NORMAL,10.07,0.9926,HIGH_CONFIDENCE,18.24,NOMINAL,False,STABLE,0.038,False,ADAPTIVE-CRITICAL-V1,ADAPTIVE-CRITICAL-V1,STABLE,0,True,Mode C: Profile maintained at ADAPTIVE-CRITICAL-V1.,2770.144,0.3558,0.1926,0.5484,384,1450.0,True,SCN-008,SCN-008: Adversarial Telemetry Perturbation
15,28.0,MANEUVERING,PRIMARY_FLIGHT_CONTROL,SAFETY_CRITICAL,5000.0,30.0,0.0001,0,0,0,0,0,NORMAL,10.07,0.9926,HIGH_CONFIDENCE,18.24,NOMINAL,False,STABLE,0.0,False,ADAPTIVE-CRITICAL-V1,ADAPTIVE-CRITICAL-V1,STABLE,0,True,Mode C: Profile maintained at ADAPTIVE-CRITICAL-V1.,1233.6144,0.135,0.0963,0.2313,384,1450.0,True,SCN-008,SCN-008: Adversarial Telemetry Perturbation
16,30.0,MANEUVERING,PRIMARY_FLIGHT_CONTROL,SAFETY_CRITICAL,5000.0,30.0,0.0001,0,0,0,0,0,NORMAL,10.07,0.9926,HIGH_CONFIDENCE,18.24,NOMINAL,False,STABLE,0.0,False,ADAPTIVE-CRITICAL-V1,ADAPTIVE-CRITICAL-V1,STABLE,0,True,Mode C: Profile maintained at ADAPTIVE-CRITICAL-V1.,620.4255,0.2089,0.1161,0.325,384,1450.0,True,SCN-008,SCN-008: Adversarial Telemetry Perturbation
17,32.0,MANEUVERING,AIRCRAFT_STATUS,ROUTINE,5000.0,30.0,0.0001,0,0,0,0,0,NORMAL,8.73,0.9819,HIGH_CONFIDENCE,18.24,NOMINAL,False,STABLE,-0.128,False,ADAPTIVE-CRITICAL-V1,ADAPTIVE-CRITICAL-V1,DOWNGRADE_HELD,1,False,Mode C: Anti-oscillation hold active: candidate ADAPTIVE-STANDARD-V1 requires lower assurance than active ADAPTIVE-CRITICAL-V1. Retaining ADAPTIVE-CRITICAL-V1 (dwell count 1/3).,524.8853,0.1495,0.0653,0.2148,384,1450.0,True,SCN-008,SCN-008: Adversarial Telemetry Perturbation
18,34.0,MANEUVERING,AIRCRAFT_STATUS,ROUTINE,5000.0,30.0,0.0001,0,0,0,0,0,NORMAL,8.73,0.9819,HIGH_CONFIDENCE,18.24,NOMINAL,False,STABLE,-0.195,False,ADAPTIVE-CRITICAL-V1,ADAPTIVE-CRITICAL-V1,DOWNGRADE_HELD,2,False,Mode C: Anti-oscillation hold active: candidate ADAPTIVE-STANDARD-V1 requires lower assurance than active ADAPTIVE-CRITICAL-V1. Retaining ADAPTIVE-CRITICAL-V1 (dwell count 2/3).,532.8668,0.145,0.073,0.21799999999999997,384,1450.0,True,SCN-008,SCN-008: Adversarial Telemetry Perturbation
19,36.0,MANEUVERING,AIRCRAFT_STATUS,ROUTINE,5000.0,30.0,0.0001,0,0,0,0,0,NORMAL,8.73,0.9819,HIGH_CONFIDENCE,18.24,NOMINAL,False,STABLE,-0.218,False,ADAPTIVE-CRITICAL-V1,ADAPTIVE-STANDARD-V1,DOWNGRADE_EXECUTED,0,False,Mode C: Safe downgrade executed from ADAPTIVE-CRITICAL-V1 to ADAPTIVE-STANDARD-V1 after 3 consecutive stable low-threat steps. Selected ADAPTIVE-STANDARD-V1 (STANDARD) for ROUTINE traffic under NORMAL threat. All safety invariants and latency constraints are satisfied.,2.4094,0.1099,0.0713,2.5906,128,185.0,True,SCN-008,SCN-008: Adversarial Telemetry Perturbation
20,38.0,MANEUVERING,AIRCRAFT_STATUS,ROUTINE,5000.0,30.0,0.0001,0,0,0,0,0,NORMAL,8.73,0.9819,HIGH_CONFIDENCE,18.24,NOMINAL,False,STABLE,-0.214,False,ADAPTIVE-STANDARD-V1,ADAPTIVE-STANDARD-V1,STABLE,0,False,Mode C: Profile maintained at ADAPTIVE-STANDARD-V1.,1.8914,0.1028,0.0925,0.1953,128,185.0,True,SCN-008,SCN-008: Adversarial Telemetry Perturbation
1,0.0,CRUISE,AIRCRAFT_STATUS,ROUTINE,5000.0,28.0,0.0001,0,0,0,0,0,NORMAL,8.85,0.9819,HIGH_CONFIDENCE,18.24,NOMINAL,False,STABLE,0.0,False,ADAPTIVE-STANDARD-V1,ADAPTIVE-STANDARD-V1,INITIAL,0,False,Mode C: Initial profile established: ADAPTIVE-STANDARD-V1.,2.1656,0.0996,0.0655,2.3307,128,185.0,True,SCN-009,SCN-009: Long Cruise with Isolated Threat Spike
2,2.0,CRUISE,AIRCRAFT_STATUS,ROUTINE,5000.0,28.0,0.0001,0,0,0,0,0,NORMAL,8.85,0.9819,HIGH_CONFIDENCE,18.24,NOMINAL,False,STABLE,0.0,False,ADAPTIVE-STANDARD-V1,ADAPTIVE-STANDARD-V1,STABLE,0,False,Mode C: Profile maintained at ADAPTIVE-STANDARD-V1.,2.8502,0.1253,0.1,0.2253,128,185.0,True,SCN-009,SCN-009: Long Cruise with Isolated Threat Spike
3,4.0,CRUISE,AIRCRAFT_STATUS,ROUTINE,5000.0,28.0,0.0001,0,0,0,0,0,NORMAL,8.85,0.9819,HIGH_CONFIDENCE,18.24,NOMINAL,False,STABLE,-0.0,False,ADAPTIVE-STANDARD-V1,ADAPTIVE-STANDARD-V1,STABLE,0,False,Mode C: Profile maintained at ADAPTIVE-STANDARD-V1.,2.462,0.1511,0.1183,0.26940000000000003,128,185.0,True,SCN-009,SCN-009: Long Cruise with Isolated Threat Spike
4,6.0,CRUISE,AIRCRAFT_STATUS,ROUTINE,5000.0,28.0,0.0001,0,0,0,0,0,NORMAL,8.85,0.9819,HIGH_CONFIDENCE,18.24,NOMINAL,False,STABLE,0.0,False,ADAPTIVE-STANDARD-V1,ADAPTIVE-STANDARD-V1,STABLE,0,False,Mode C: Profile maintained at ADAPTIVE-STANDARD-V1.,1.9908,0.0983,0.0625,0.1608,128,185.0,True,SCN-009,SCN-009: Long Cruise with Isolated Threat Spike
5,8.0,CRUISE,AIRCRAFT_STATUS,ROUTINE,5000.0,28.0,0.0001,0,0,0,0,0,NORMAL,8.85,0.9819,HIGH_CONFIDENCE,18.24,NOMINAL,False,STABLE,0.0,False,ADAPTIVE-STANDARD-V1,ADAPTIVE-STANDARD-V1,STABLE,0,False,Mode C: Profile maintained at ADAPTIVE-STANDARD-V1.,2.2381,0.0893,0.061,0.1503,128,185.0,True,SCN-009,SCN-009: Long Cruise with Isolated Threat Spike
6,10.0,CRUISE,AIRCRAFT_STATUS,ROUTINE,5000.0,28.0,0.0001,0,0,0,0,0,NORMAL,8.85,0.9819,HIGH_CONFIDENCE,18.24,NOMINAL,False,STABLE,0.0,False,ADAPTIVE-STANDARD-V1,ADAPTIVE-STANDARD-V1,STABLE,0,False,Mode C: Profile maintained at ADAPTIVE-STANDARD-V1.,2.5078,0.091,0.0631,0.15410000000000001,128,185.0,True,SCN-009,SCN-009: Long Cruise with Isolated Threat Spike
7,12.0,CRUISE,AIRCRAFT_STATUS,ROUTINE,5000.0,28.0,0.0001,0,0,0,0,0,NORMAL,8.85,0.9819,HIGH_CONFIDENCE,18.24,NOMINAL,False,STABLE,-0.0,False,ADAPTIVE-STANDARD-V1,ADAPTIVE-STANDARD-V1,STABLE,0,False,Mode C: Profile maintained at ADAPTIVE-STANDARD-V1.,1.9001,0.0876,0.0878,0.1754,128,185.0,True,SCN-009,SCN-009: Long Cruise with Isolated Threat Spike
8,14.0,CRUISE,AIRCRAFT_STATUS,ROUTINE,5000.0,28.0,0.0001,0,0,0,0,0,NORMAL,8.85,0.9819,HIGH_CONFIDENCE,18.24,NOMINAL,False,STABLE,-0.0,False,ADAPTIVE-STANDARD-V1,ADAPTIVE-STANDARD-V1,STABLE,0,False,Mode C: Profile maintained at ADAPTIVE-STANDARD-V1.,2.0478,0.1082,0.0678,0.176,128,185.0,True,SCN-009,SCN-009: Long Cruise with Isolated Threat Spike
9,16.0,CRUISE,AIRCRAFT_STATUS,ROUTINE,5000.0,28.0,0.0001,0,0,0,0,0,NORMAL,8.85,0.9819,HIGH_CONFIDENCE,18.24,NOMINAL,False,STABLE,-0.0,False,ADAPTIVE-STANDARD-V1,ADAPTIVE-STANDARD-V1,STABLE,0,False,Mode C: Profile maintained at ADAPTIVE-STANDARD-V1.,1.8823,0.0993,0.0661,0.1654,128,185.0,True,SCN-009,SCN-009: Long Cruise with Isolated Threat Spike
10,18.0,CRUISE,AIRCRAFT_STATUS,ROUTINE,5000.0,28.0,0.0001,0,0,0,0,0,NORMAL,8.85,0.9819,HIGH_CONFIDENCE,18.24,NOMINAL,False,STABLE,0.0,False,ADAPTIVE-STANDARD-V1,ADAPTIVE-STANDARD-V1,STABLE,0,False,Mode C: Profile maintained at ADAPTIVE-STANDARD-V1.,1.7872,0.078,0.0604,0.1384,128,185.0,True,SCN-009,SCN-009: Long Cruise with Isolated Threat Spike
11,20.0,CRUISE,AIRCRAFT_STATUS,ROUTINE,5000.0,28.0,0.0001,0,0,0,0,0,NORMAL,8.85,0.9819,HIGH_CONFIDENCE,18.24,NOMINAL,False,STABLE,0.0,False,ADAPTIVE-STANDARD-V1,ADAPTIVE-STANDARD-V1,STABLE,0,False,Mode C: Profile maintained at ADAPTIVE-STANDARD-V1.,1.847,0.0863,0.0646,0.1509,128,185.0,True,SCN-009,SCN-009: Long Cruise with Isolated Threat Spike
12,22.0,CRUISE,AIRCRAFT_STATUS,ROUTINE,5000.0,28.0,0.0001,0,0,0,0,0,NORMAL,8.85,0.9819,HIGH_CONFIDENCE,18.24,NOMINAL,False,STABLE,0.0,False,ADAPTIVE-STANDARD-V1,ADAPTIVE-STANDARD-V1,STABLE,0,False,Mode C: Profile maintained at ADAPTIVE-STANDARD-V1.,1.8042,0.0813,0.0626,0.1439,128,185.0,True,SCN-009,SCN-009: Long Cruise with Isolated Threat Spike
13,24.0,CRUISE,AIRCRAFT_STATUS,ROUTINE,5000.0,28.0,0.0001,0,0,0,0,0,NORMAL,8.85,0.9819,HIGH_CONFIDENCE,18.24,NOMINAL,False,STABLE,0.0,False,ADAPTIVE-STANDARD-V1,ADAPTIVE-STANDARD-V1,STABLE,0,False,Mode C: Profile maintained at ADAPTIVE-STANDARD-V1.,1.9003,0.109,0.0633,0.1723,128,185.0,True,SCN-009,SCN-009: Long Cruise with Isolated Threat Spike
14,26.0,CRUISE,AIRCRAFT_STATUS,ROUTINE,5000.0,28.0,0.0001,0,0,0,0,0,NORMAL,8.85,0.9819,HIGH_CONFIDENCE,18.24,NOMINAL,False,STABLE,0.0,False,ADAPTIVE-STANDARD-V1,ADAPTIVE-STANDARD-V1,STABLE,0,False,Mode C: Profile maintained at ADAPTIVE-STANDARD-V1.,1.7886,0.0828,0.0867,0.16949999999999998,128,185.0,True,SCN-009,SCN-009: Long Cruise with Isolated Threat Spike
15,28.0,CRUISE,AIRCRAFT_STATUS,ROUTINE,5000.0,28.0,0.0001,0,0,0,0,0,NORMAL,8.85,0.9819,HIGH_CONFIDENCE,18.24,NOMINAL,False,STABLE,0.0,False,ADAPTIVE-STANDARD-V1,ADAPTIVE-STANDARD-V1,STABLE,0,False,Mode C: Profile maintained at ADAPTIVE-STANDARD-V1.,2.2848,0.2137,0.1475,0.36119999999999997,128,185.0,True,SCN-009,SCN-009: Long Cruise with Isolated Threat Spike
16,30.0,CRUISE,AIRCRAFT_STATUS,IMPORTANT,5000.0,28.0,0.005,4,3,1,0,0,ELEVATED,44.13,0.4207,LOW_CONFIDENCE_FALLBACK,100.0,CRITICAL,True,RAPID_ESCALATION,3.382,True,ADAPTIVE-STANDARD-V1,ADAPTIVE-CRITICAL-V1,ESCALATION,0,False,Mode C: Immediate security escalation from ADAPTIVE-STANDARD-V1 to ADAPTIVE-CRITICAL-V1. Selected ADAPTIVE-CRITICAL-V1 (CRITICAL) for IMPORTANT traffic under CRITICAL threat. All safety invariants and latency constraints are satisfied.,514.9334,0.133,0.0664,515.1328,384,1450.0,True,SCN-009,SCN-009: Long Cruise with Isolated Threat Spike
17,32.0,CRUISE,AIRCRAFT_STATUS,IMPORTANT,5000.0,28.0,0.005,4,3,1,0,0,ELEVATED,44.13,0.4207,LOW_CONFIDENCE_FALLBACK,100.0,CRITICAL,True,RAPID_ESCALATION,5.123,True,ADAPTIVE-CRITICAL-V1,ADAPTIVE-CRITICAL-V1,STABLE,0,False,Mode C: Profile maintained at ADAPTIVE-CRITICAL-V1.,514.2777,0.1644,0.0682,0.23259999999999997,384,1450.0,True,SCN-009,SCN-009: Long Cruise with Isolated Threat Spike
18,34.0,CRUISE,AIRCRAFT_STATUS,IMPORTANT,5000.0,28.0,0.005,4,3,1,0,0,ELEVATED,44.13,0.4207,LOW_CONFIDENCE_FALLBACK,100.0,CRITICAL,True,RAPID_ESCALATION,5.744,True,ADAPTIVE-CRITICAL-V1,ADAPTIVE-CRITICAL-V1,STABLE,0,False,Mode C: Profile maintained at ADAPTIVE-CRITICAL-V1.,538.3622,0.1768,0.0702,0.247,384,1450.0,True,SCN-009,SCN-009: Long Cruise with Isolated Threat Spike
19,36.0,CRUISE,AIRCRAFT_STATUS,IMPORTANT,5000.0,28.0,0.005,4,3,1,0,0,ELEVATED,44.13,0.4207,LOW_CONFIDENCE_FALLBACK,100.0,CRITICAL,True,RAPID_ESCALATION,5.622,True,ADAPTIVE-CRITICAL-V1,ADAPTIVE-CRITICAL-V1,STABLE,0,False,Mode C: Profile maintained at ADAPTIVE-CRITICAL-V1.,529.2782,0.1375,0.068,0.20550000000000002,384,1450.0,True,SCN-009,SCN-009: Long Cruise with Isolated Threat Spike
20,38.0,CRUISE,AIRCRAFT_STATUS,IMPORTANT,5000.0,28.0,0.005,4,3,1,0,0,ELEVATED,44.13,0.4207,LOW_CONFIDENCE_FALLBACK,100.0,CRITICAL,True,RAPID_ESCALATION,5.029,True,ADAPTIVE-CRITICAL-V1,ADAPTIVE-CRITICAL-V1,STABLE,0,False,Mode C: Profile maintained at ADAPTIVE-CRITICAL-V1.,539.6324,0.1352,0.0711,0.20629999999999998,384,1450.0,True,SCN-009,SCN-009: Long Cruise with Isolated Threat Spike
21,40.0,CRUISE,AIRCRAFT_STATUS,IMPORTANT,5000.0,28.0,0.005,4,3,1,0,0,ELEVATED,44.13,0.4207,LOW_CONFIDENCE_FALLBACK,100.0,CRITICAL,True,RAPID_ESCALATION,4.156,True,ADAPTIVE-CRITICAL-V1,ADAPTIVE-CRITICAL-V1,STABLE,0,False,Mode C: Profile maintained at ADAPTIVE-CRITICAL-V1.,547.9654,0.1372,0.072,0.2092,384,1450.0,True,SCN-009,SCN-009: Long Cruise with Isolated Threat Spike
22,42.0,CRUISE,AIRCRAFT_STATUS,ROUTINE,5000.0,28.0,0.0001,0,0,0,0,0,NORMAL,8.85,0.9819,HIGH_CONFIDENCE,18.24,NOMINAL,False,STABLE,-0.242,False,ADAPTIVE-CRITICAL-V1,ADAPTIVE-CRITICAL-V1,DOWNGRADE_HELD,1,False,Mode C: Anti-oscillation hold active: candidate ADAPTIVE-STANDARD-V1 requires lower assurance than active ADAPTIVE-CRITICAL-V1. Retaining ADAPTIVE-CRITICAL-V1 (dwell count 1/3).,519.865,0.2071,0.1136,0.3207,384,1450.0,True,SCN-009,SCN-009: Long Cruise with Isolated Threat Spike
23,44.0,CRUISE,AIRCRAFT_STATUS,ROUTINE,5000.0,28.0,0.0001,0,0,0,0,0,NORMAL,8.85,0.9819,HIGH_CONFIDENCE,18.24,NOMINAL,False,RECOVERING,-3.052,False,ADAPTIVE-CRITICAL-V1,ADAPTIVE-CRITICAL-V1,DOWNGRADE_HELD,2,False,Mode C: Anti-oscillation hold active: candidate ADAPTIVE-STANDARD-V1 requires lower assurance than active ADAPTIVE-CRITICAL-V1. Retaining ADAPTIVE-CRITICAL-V1 (dwell count 2/3).,524.7937,0.1336,0.1008,0.2344,384,1450.0,True,SCN-009,SCN-009: Long Cruise with Isolated Threat Spike
24,46.0,CRUISE,AIRCRAFT_STATUS,ROUTINE,5000.0,28.0,0.0001,0,0,0,0,0,NORMAL,8.85,0.9819,HIGH_CONFIDENCE,18.24,NOMINAL,False,RECOVERING,-4.733,False,ADAPTIVE-CRITICAL-V1,ADAPTIVE-STANDARD-V1,DOWNGRADE_EXECUTED,0,False,Mode C: Safe downgrade executed from ADAPTIVE-CRITICAL-V1 to ADAPTIVE-STANDARD-V1 after 3 consecutive stable low-threat steps. Selected ADAPTIVE-STANDARD-V1 (STANDARD) for ROUTINE traffic under NORMAL threat. All safety invariants and latency constraints are satisfied.,2.9291,0.1747,0.09,3.1938,128,185.0,True,SCN-009,SCN-009: Long Cruise with Isolated Threat Spike
25,48.0,CRUISE,AIRCRAFT_STATUS,ROUTINE,5000.0,28.0,0.0001,0,0,0,0,0,NORMAL,8.85,0.9819,HIGH_CONFIDENCE,18.24,NOMINAL,False,RECOVERING,-5.622,False,ADAPTIVE-STANDARD-V1,ADAPTIVE-STANDARD-V1,STABLE,0,False,Mode C: Profile maintained at ADAPTIVE-STANDARD-V1.,2.7426,0.1478,0.0876,0.2354,128,185.0,True,SCN-009,SCN-009: Long Cruise with Isolated Threat Spike
26,50.0,CRUISE,AIRCRAFT_STATUS,ROUTINE,5000.0,28.0,0.0001,0,0,0,0,0,NORMAL,8.85,0.9819,HIGH_CONFIDENCE,18.24,NOMINAL,False,RECOVERING,-5.029,False,ADAPTIVE-STANDARD-V1,ADAPTIVE-STANDARD-V1,STABLE,0,False,Mode C: Profile maintained at ADAPTIVE-STANDARD-V1.,1.9501,0.084,0.0641,0.1481,128,185.0,True,SCN-009,SCN-009: Long Cruise with Isolated Threat Spike
27,52.0,CRUISE,AIRCRAFT_STATUS,ROUTINE,5000.0,28.0,0.0001,0,0,0,0,0,NORMAL,8.85,0.9819,HIGH_CONFIDENCE,18.24,NOMINAL,False,RECOVERING,-4.156,False,ADAPTIVE-STANDARD-V1,ADAPTIVE-STANDARD-V1,STABLE,0,False,Mode C: Profile maintained at ADAPTIVE-STANDARD-V1.,1.8248,0.0862,0.0653,0.1515,128,185.0,True,SCN-009,SCN-009: Long Cruise with Isolated Threat Spike
28,54.0,CRUISE,AIRCRAFT_STATUS,ROUTINE,5000.0,28.0,0.0001,0,0,0,0,0,NORMAL,8.85,0.9819,HIGH_CONFIDENCE,18.24,NOMINAL,False,RECOVERING,-3.14,False,ADAPTIVE-STANDARD-V1,ADAPTIVE-STANDARD-V1,STABLE,0,False,Mode C: Profile maintained at ADAPTIVE-STANDARD-V1.,1.9907,0.1116,0.0744,0.186,128,185.0,True,SCN-009,SCN-009: Long Cruise with Isolated Threat Spike
29,56.0,CRUISE,AIRCRAFT_STATUS,ROUTINE,5000.0,28.0,0.0001,0,0,0,0,0,NORMAL,8.85,0.9819,HIGH_CONFIDENCE,18.24,NOMINAL,False,DECREASING,-2.071,False,ADAPTIVE-STANDARD-V1,ADAPTIVE-STANDARD-V1,STABLE,0,False,Mode C: Profile maintained at ADAPTIVE-STANDARD-V1.,1.9352,0.1178,0.1263,0.24409999999999998,128,185.0,True,SCN-009,SCN-009: Long Cruise with Isolated Threat Spike
30,58.0,CRUISE,AIRCRAFT_STATUS,ROUTINE,5000.0,28.0,0.0001,0,0,0,0,0,NORMAL,8.85,0.9819,HIGH_CONFIDENCE,18.24,NOMINAL,False,DECREASING,-1.012,False,ADAPTIVE-STANDARD-V1,ADAPTIVE-STANDARD-V1,STABLE,0,False,Mode C: Profile maintained at ADAPTIVE-STANDARD-V1.,1.9047,0.0833,0.062,0.14529999999999998,128,185.0,True,SCN-009,SCN-009: Long Cruise with Isolated Threat Spike
31,60.0,CRUISE,AIRCRAFT_STATUS,ROUTINE,5000.0,28.0,0.0001,0,0,0,0,0,NORMAL,8.85,0.9819,HIGH_CONFIDENCE,18.24,NOMINAL,False,STABLE,0.0,False,ADAPTIVE-STANDARD-V1,ADAPTIVE-STANDARD-V1,STABLE,0,False,Mode C: Profile maintained at ADAPTIVE-STANDARD-V1.,2.1716,0.1152,0.0611,0.1763,128,185.0,True,SCN-009,SCN-009: Long Cruise with Isolated Threat Spike
32,62.0,CRUISE,AIRCRAFT_STATUS,ROUTINE,5000.0,28.0,0.0001,0,0,0,0,0,NORMAL,8.85,0.9819,HIGH_CONFIDENCE,18.24,NOMINAL,False,STABLE,0.0,False,ADAPTIVE-STANDARD-V1,ADAPTIVE-STANDARD-V1,STABLE,0,False,Mode C: Profile maintained at ADAPTIVE-STANDARD-V1.,2.2133,0.1251,0.0627,0.1878,128,185.0,True,SCN-009,SCN-009: Long Cruise with Isolated Threat Spike
33,64.0,CRUISE,AIRCRAFT_STATUS,ROUTINE,5000.0,28.0,0.0001,0,0,0,0,0,NORMAL,8.85,0.9819,HIGH_CONFIDENCE,18.24,NOMINAL,False,STABLE,0.0,False,ADAPTIVE-STANDARD-V1,ADAPTIVE-STANDARD-V1,STABLE,0,False,Mode C: Profile maintained at ADAPTIVE-STANDARD-V1.,2.8132,0.1238,0.0908,0.2146,128,185.0,True,SCN-009,SCN-009: Long Cruise with Isolated Threat Spike
34,66.0,CRUISE,AIRCRAFT_STATUS,ROUTINE,5000.0,28.0,0.0001,0,0,0,0,0,NORMAL,8.85,0.9819,HIGH_CONFIDENCE,18.24,NOMINAL,False,STABLE,0.0,False,ADAPTIVE-STANDARD-V1,ADAPTIVE-STANDARD-V1,STABLE,0,False,Mode C: Profile maintained at ADAPTIVE-STANDARD-V1.,2.6538,0.1345,0.089,0.2235,128,185.0,True,SCN-009,SCN-009: Long Cruise with Isolated Threat Spike
35,68.0,CRUISE,AIRCRAFT_STATUS,ROUTINE,5000.0,28.0,0.0001,0,0,0,0,0,NORMAL,8.85,0.9819,HIGH_CONFIDENCE,18.24,NOMINAL,False,STABLE,0.0,False,ADAPTIVE-STANDARD-V1,ADAPTIVE-STANDARD-V1,STABLE,0,False,Mode C: Profile maintained at ADAPTIVE-STANDARD-V1.,1.879,0.1215,0.0794,0.2009,128,185.0,True,SCN-009,SCN-009: Long Cruise with Isolated Threat Spike
36,70.0,CRUISE,AIRCRAFT_STATUS,ROUTINE,5000.0,28.0,0.0001,0,0,0,0,0,NORMAL,8.85,0.9819,HIGH_CONFIDENCE,18.24,NOMINAL,False,STABLE,0.0,False,ADAPTIVE-STANDARD-V1,ADAPTIVE-STANDARD-V1,STABLE,0,False,Mode C: Profile maintained at ADAPTIVE-STANDARD-V1.,1.9432,0.1835,0.1182,0.30169999999999997,128,185.0,True,SCN-009,SCN-009: Long Cruise with Isolated Threat Spike
37,72.0,CRUISE,AIRCRAFT_STATUS,ROUTINE,5000.0,28.0,0.0001,0,0,0,0,0,NORMAL,8.85,0.9819,HIGH_CONFIDENCE,18.24,NOMINAL,False,STABLE,0.0,False,ADAPTIVE-STANDARD-V1,ADAPTIVE-STANDARD-V1,STABLE,0,False,Mode C: Profile maintained at ADAPTIVE-STANDARD-V1.,2.2091,0.1444,0.1926,0.33699999999999997,128,185.0,True,SCN-009,SCN-009: Long Cruise with Isolated Threat Spike
38,74.0,CRUISE,AIRCRAFT_STATUS,ROUTINE,5000.0,28.0,0.0001,0,0,0,0,0,NORMAL,8.85,0.9819,HIGH_CONFIDENCE,18.24,NOMINAL,False,STABLE,0.0,False,ADAPTIVE-STANDARD-V1,ADAPTIVE-STANDARD-V1,STABLE,0,False,Mode C: Profile maintained at ADAPTIVE-STANDARD-V1.,1.8788,0.1158,0.0956,0.2114,128,185.0,True,SCN-009,SCN-009: Long Cruise with Isolated Threat Spike
39,76.0,CRUISE,AIRCRAFT_STATUS,ROUTINE,5000.0,28.0,0.0001,0,0,0,0,0,NORMAL,8.85,0.9819,HIGH_CONFIDENCE,18.24,NOMINAL,False,STABLE,0.0,False,ADAPTIVE-STANDARD-V1,ADAPTIVE-STANDARD-V1,STABLE,0,False,Mode C: Profile maintained at ADAPTIVE-STANDARD-V1.,1.8017,0.0808,0.0623,0.1431,128,185.0,True,SCN-009,SCN-009: Long Cruise with Isolated Threat Spike
40,78.0,CRUISE,AIRCRAFT_STATUS,ROUTINE,5000.0,28.0,0.0001,0,0,0,0,0,NORMAL,8.85,0.9819,HIGH_CONFIDENCE,18.24,NOMINAL,False,STABLE,0.0,False,ADAPTIVE-STANDARD-V1,ADAPTIVE-STANDARD-V1,STABLE,0,False,Mode C: Profile maintained at ADAPTIVE-STANDARD-V1.,2.299,0.0901,0.0637,0.1538,128,185.0,True,SCN-009,SCN-009: Long Cruise with Isolated Threat Spike
1,0.0,PREFLIGHT,AIRCRAFT_STATUS,ROUTINE,5000.0,25.0,0.0001,0,0,0,0,0,NORMAL,8.76,0.9818,HIGH_CONFIDENCE,18.24,NOMINAL,False,STABLE,0.0,False,ADAPTIVE-STANDARD-V1,ADAPTIVE-STANDARD-V1,INITIAL,0,False,Mode C: Initial profile established: ADAPTIVE-STANDARD-V1.,1.9344,0.1201,0.0795,2.134,128,185.0,True,SCN-010,SCN-010: Full Flight Mission Lifecycle
2,2.0,PREFLIGHT,AIRCRAFT_STATUS,ROUTINE,5000.0,25.0,0.0001,0,0,0,0,0,NORMAL,8.76,0.9818,HIGH_CONFIDENCE,18.24,NOMINAL,False,STABLE,-0.0,False,ADAPTIVE-STANDARD-V1,ADAPTIVE-STANDARD-V1,STABLE,0,False,Mode C: Profile maintained at ADAPTIVE-STANDARD-V1.,1.8043,0.0834,0.0601,0.14350000000000002,128,185.0,True,SCN-010,SCN-010: Full Flight Mission Lifecycle
3,4.0,PREFLIGHT,AIRCRAFT_STATUS,ROUTINE,5000.0,25.0,0.0001,0,0,0,0,0,NORMAL,8.76,0.9818,HIGH_CONFIDENCE,18.24,NOMINAL,False,STABLE,-0.0,False,ADAPTIVE-STANDARD-V1,ADAPTIVE-STANDARD-V1,STABLE,0,False,Mode C: Profile maintained at ADAPTIVE-STANDARD-V1.,3.2012,0.1384,0.0673,0.2057,128,185.0,True,SCN-010,SCN-010: Full Flight Mission Lifecycle
4,6.0,PREFLIGHT,AIRCRAFT_STATUS,ROUTINE,5000.0,25.0,0.0001,0,0,0,0,0,NORMAL,8.76,0.9818,HIGH_CONFIDENCE,18.24,NOMINAL,False,STABLE,0.0,False,ADAPTIVE-STANDARD-V1,ADAPTIVE-STANDARD-V1,STABLE,0,False,Mode C: Profile maintained at ADAPTIVE-STANDARD-V1.,1.9278,0.1094,0.0769,0.1863,128,185.0,True,SCN-010,SCN-010: Full Flight Mission Lifecycle
5,8.0,PREFLIGHT,AIRCRAFT_STATUS,ROUTINE,5000.0,25.0,0.0001,0,0,0,0,0,NORMAL,8.76,0.9818,HIGH_CONFIDENCE,18.24,NOMINAL,False,STABLE,0.0,False,ADAPTIVE-STANDARD-V1,ADAPTIVE-STANDARD-V1,STABLE,0,False,Mode C: Profile maintained at ADAPTIVE-STANDARD-V1.,2.0923,0.1407,0.0997,0.2404,128,185.0,True,SCN-010,SCN-010: Full Flight Mission Lifecycle
6,10.0,TAXI_TAKEOFF,PRIMARY_FLIGHT_CONTROL,SAFETY_CRITICAL,5000.0,25.0,0.0001,0,0,0,0,0,NORMAL,10.41,0.9926,HIGH_CONFIDENCE,18.24,NOMINAL,False,STABLE,0.387,False,ADAPTIVE-STANDARD-V1,ADAPTIVE-CRITICAL-V1,ESCALATION,0,True,Mode C: Immediate security escalation from ADAPTIVE-STANDARD-V1 to ADAPTIVE-CRITICAL-V1. Selected ADAPTIVE-CRITICAL-V1 (CRITICAL) for SAFETY_CRITICAL traffic under NORMAL threat. All safety invariants and latency constraints are satisfied.,533.4392,0.1391,0.0688,533.6471,384,1450.0,True,SCN-010,SCN-010: Full Flight Mission Lifecycle
7,12.0,TAXI_TAKEOFF,PRIMARY_FLIGHT_CONTROL,SAFETY_CRITICAL,5000.0,25.0,0.0001,0,0,0,0,0,NORMAL,10.41,0.9926,HIGH_CONFIDENCE,18.24,NOMINAL,False,STABLE,0.391,False,ADAPTIVE-CRITICAL-V1,ADAPTIVE-CRITICAL-V1,STABLE,0,True,Mode C: Profile maintained at ADAPTIVE-CRITICAL-V1.,507.227,0.1348,0.0694,0.2042,384,1450.0,True,SCN-010,SCN-010: Full Flight Mission Lifecycle
8,14.0,TAXI_TAKEOFF,PRIMARY_FLIGHT_CONTROL,SAFETY_CRITICAL,5000.0,25.0,0.0001,0,0,0,0,0,NORMAL,10.41,0.9926,HIGH_CONFIDENCE,18.24,NOMINAL,False,STABLE,0.337,False,ADAPTIVE-CRITICAL-V1,ADAPTIVE-CRITICAL-V1,STABLE,0,True,Mode C: Profile maintained at ADAPTIVE-CRITICAL-V1.,553.0018,0.1892,0.1179,0.30710000000000004,384,1450.0,True,SCN-010,SCN-010: Full Flight Mission Lifecycle
9,16.0,TAXI_TAKEOFF,PRIMARY_FLIGHT_CONTROL,SAFETY_CRITICAL,5000.0,25.0,0.0001,0,0,0,0,0,NORMAL,10.41,0.9926,HIGH_CONFIDENCE,18.24,NOMINAL,False,STABLE,0.282,False,ADAPTIVE-CRITICAL-V1,ADAPTIVE-CRITICAL-V1,STABLE,0,True,Mode C: Profile maintained at ADAPTIVE-CRITICAL-V1.,605.4046,0.1354,0.079,0.21439999999999998,384,1450.0,True,SCN-010,SCN-010: Full Flight Mission Lifecycle
10,18.0,TAXI_TAKEOFF,PRIMARY_FLIGHT_CONTROL,SAFETY_CRITICAL,5000.0,25.0,0.0001,0,0,0,0,0,NORMAL,10.41,0.9926,HIGH_CONFIDENCE,18.24,NOMINAL,False,STABLE,0.235,False,ADAPTIVE-CRITICAL-V1,ADAPTIVE-CRITICAL-V1,STABLE,0,True,Mode C: Profile maintained at ADAPTIVE-CRITICAL-V1.,590.3274,0.1397,0.0688,0.2085,384,1450.0,True,SCN-010,SCN-010: Full Flight Mission Lifecycle
11,20.0,CLIMB,AIRCRAFT_STATUS,ROUTINE,5000.0,25.0,0.0001,0,0,0,0,0,NORMAL,8.76,0.9818,HIGH_CONFIDENCE,18.24,NOMINAL,False,STABLE,0.036,False,ADAPTIVE-CRITICAL-V1,ADAPTIVE-CRITICAL-V1,DOWNGRADE_HELD,1,False,Mode C: Anti-oscillation hold active: candidate ADAPTIVE-STANDARD-V1 requires lower assurance than active ADAPTIVE-CRITICAL-V1. Retaining ADAPTIVE-CRITICAL-V1 (dwell count 1/3).,590.9673,0.1696,0.0965,0.2661,384,1450.0,True,SCN-010,SCN-010: Full Flight Mission Lifecycle
12,22.0,CLIMB,AIRCRAFT_STATUS,ROUTINE,5000.0,25.0,0.0001,0,0,0,0,0,NORMAL,8.76,0.9818,HIGH_CONFIDENCE,18.24,NOMINAL,False,STABLE,-0.093,False,ADAPTIVE-CRITICAL-V1,ADAPTIVE-CRITICAL-V1,DOWNGRADE_HELD,2,False,Mode C: Anti-oscillation hold active: candidate ADAPTIVE-STANDARD-V1 requires lower assurance than active ADAPTIVE-CRITICAL-V1. Retaining ADAPTIVE-CRITICAL-V1 (dwell count 2/3).,577.5434,0.1697,0.0824,0.2521,384,1450.0,True,SCN-010,SCN-010: Full Flight Mission Lifecycle
13,24.0,CLIMB,AIRCRAFT_STATUS,ROUTINE,5000.0,25.0,0.0001,0,0,0,0,0,NORMAL,8.76,0.9818,HIGH_CONFIDENCE,18.24,NOMINAL,False,STABLE,-0.172,False,ADAPTIVE-CRITICAL-V1,ADAPTIVE-STANDARD-V1,DOWNGRADE_EXECUTED,0,False,Mode C: Safe downgrade executed from ADAPTIVE-CRITICAL-V1 to ADAPTIVE-STANDARD-V1 after 3 consecutive stable low-threat steps. Selected ADAPTIVE-STANDARD-V1 (STANDARD) for ROUTINE traffic under NORMAL threat. All safety invariants and latency constraints are satisfied.,2.8516,0.1116,0.0894,3.0526,128,185.0,True,SCN-010,SCN-010: Full Flight Mission Lifecycle
14,26.0,CLIMB,AIRCRAFT_STATUS,ROUTINE,5000.0,25.0,0.0001,0,0,0,0,0,NORMAL,8.76,0.9818,HIGH_CONFIDENCE,18.24,NOMINAL,False,STABLE,-0.216,False,ADAPTIVE-STANDARD-V1,ADAPTIVE-STANDARD-V1,STABLE,0,False,Mode C: Profile maintained at ADAPTIVE-STANDARD-V1.,2.1218,0.1301,0.1111,0.2412,128,185.0,True,SCN-010,SCN-010: Full Flight Mission Lifecycle
15,28.0,CLIMB,AIRCRAFT_STATUS,ROUTINE,5000.0,25.0,0.0001,0,0,0,0,0,NORMAL,8.76,0.9818,HIGH_CONFIDENCE,18.24,NOMINAL,False,STABLE,-0.235,False,ADAPTIVE-STANDARD-V1,ADAPTIVE-STANDARD-V1,STABLE,0,False,Mode C: Profile maintained at ADAPTIVE-STANDARD-V1.,2.0741,0.0933,0.0956,0.1889,128,185.0,True,SCN-010,SCN-010: Full Flight Mission Lifecycle
16,30.0,CRUISE_NORMAL,AIRCRAFT_STATUS,ROUTINE,5000.0,25.0,0.0001,0,0,0,0,0,NORMAL,8.76,0.9818,HIGH_CONFIDENCE,18.24,NOMINAL,False,STABLE,-0.194,False,ADAPTIVE-STANDARD-V1,ADAPTIVE-STANDARD-V1,STABLE,0,False,Mode C: Profile maintained at ADAPTIVE-STANDARD-V1.,2.199,0.1732,0.0747,0.2479,128,185.0,True,SCN-010,SCN-010: Full Flight Mission Lifecycle
17,32.0,CRUISE_NORMAL,AIRCRAFT_STATUS,ROUTINE,5000.0,25.0,0.0001,0,0,0,0,0,NORMAL,8.76,0.9818,HIGH_CONFIDENCE,18.24,NOMINAL,False,STABLE,-0.147,False,ADAPTIVE-STANDARD-V1,ADAPTIVE-STANDARD-V1,STABLE,0,False,Mode C: Profile maintained at ADAPTIVE-STANDARD-V1.,1.9124,0.0811,0.0631,0.1442,128,185.0,True,SCN-010,SCN-010: Full Flight Mission Lifecycle
18,34.0,CRUISE_NORMAL,AIRCRAFT_STATUS,ROUTINE,5000.0,25.0,0.0001,0,0,0,0,0,NORMAL,8.76,0.9818,HIGH_CONFIDENCE,18.24,NOMINAL,False,STABLE,-0.097,False,ADAPTIVE-STANDARD-V1,ADAPTIVE-STANDARD-V1,STABLE,0,False,Mode C: Profile maintained at ADAPTIVE-STANDARD-V1.,1.9098,0.1197,0.0685,0.1882,128,185.0,True,SCN-010,SCN-010: Full Flight Mission Lifecycle
19,36.0,CRUISE_NORMAL,AIRCRAFT_STATUS,ROUTINE,5000.0,25.0,0.0001,0,0,0,0,0,NORMAL,8.76,0.9818,HIGH_CONFIDENCE,18.24,NOMINAL,False,STABLE,-0.047,False,ADAPTIVE-STANDARD-V1,ADAPTIVE-STANDARD-V1,STABLE,0,False,Mode C: Profile maintained at ADAPTIVE-STANDARD-V1.,1.896,0.088,0.064,0.152,128,185.0,True,SCN-010,SCN-010: Full Flight Mission Lifecycle
20,38.0,CRUISE_NORMAL,AIRCRAFT_STATUS,ROUTINE,5000.0,25.0,0.0001,0,0,0,0,0,NORMAL,8.76,0.9818,HIGH_CONFIDENCE,18.24,NOMINAL,False,STABLE,0.0,False,ADAPTIVE-STANDARD-V1,ADAPTIVE-STANDARD-V1,STABLE,0,False,Mode C: Profile maintained at ADAPTIVE-STANDARD-V1.,2.766,0.1164,0.0843,0.2007,128,185.0,True,SCN-010,SCN-010: Full Flight Mission Lifecycle
21,40.0,CRUISE_NORMAL,AIRCRAFT_STATUS,ROUTINE,5000.0,25.0,0.0001,0,0,0,0,0,NORMAL,8.76,0.9818,HIGH_CONFIDENCE,18.24,NOMINAL,False,STABLE,0.0,False,ADAPTIVE-STANDARD-V1,ADAPTIVE-STANDARD-V1,STABLE,0,False,Mode C: Profile maintained at ADAPTIVE-STANDARD-V1.,2.0592,0.113,0.069,0.182,128,185.0,True,SCN-010,SCN-010: Full Flight Mission Lifecycle
22,42.0,CRUISE_NORMAL,AIRCRAFT_STATUS,ROUTINE,5000.0,25.0,0.0001,0,0,0,0,0,NORMAL,8.76,0.9818,HIGH_CONFIDENCE,18.24,NOMINAL,False,STABLE,0.0,False,ADAPTIVE-STANDARD-V1,ADAPTIVE-STANDARD-V1,STABLE,0,False,Mode C: Profile maintained at ADAPTIVE-STANDARD-V1.,1.9259,0.084,0.0633,0.1473,128,185.0,True,SCN-010,SCN-010: Full Flight Mission Lifecycle
23,44.0,CRUISE_NORMAL,AIRCRAFT_STATUS,ROUTINE,5000.0,25.0,0.0001,0,0,0,0,0,NORMAL,8.76,0.9818,HIGH_CONFIDENCE,18.24,NOMINAL,False,STABLE,0.0,False,ADAPTIVE-STANDARD-V1,ADAPTIVE-STANDARD-V1,STABLE,0,False,Mode C: Profile maintained at ADAPTIVE-STANDARD-V1.,1.8207,0.1452,0.0868,0.23199999999999998,128,185.0,True,SCN-010,SCN-010: Full Flight Mission Lifecycle
24,46.0,CRUISE_NORMAL,AIRCRAFT_STATUS,ROUTINE,5000.0,25.0,0.0001,0,0,0,0,0,NORMAL,8.76,0.9818,HIGH_CONFIDENCE,18.24,NOMINAL,False,STABLE,0.0,False,ADAPTIVE-STANDARD-V1,ADAPTIVE-STANDARD-V1,STABLE,0,False,Mode C: Profile maintained at ADAPTIVE-STANDARD-V1.,1.9619,0.0821,0.0617,0.1438,128,185.0,True,SCN-010,SCN-010: Full Flight Mission Lifecycle
25,48.0,CRUISE_NORMAL,AIRCRAFT_STATUS,ROUTINE,5000.0,25.0,0.0001,0,0,0,0,0,NORMAL,8.76,0.9818,HIGH_CONFIDENCE,18.24,NOMINAL,False,STABLE,0.0,False,ADAPTIVE-STANDARD-V1,ADAPTIVE-STANDARD-V1,STABLE,0,False,Mode C: Profile maintained at ADAPTIVE-STANDARD-V1.,1.8793,0.0841,0.0633,0.14739999999999998,128,185.0,True,SCN-010,SCN-010: Full Flight Mission Lifecycle
26,50.0,CONTESTED_ENCOUNTER,AIRCRAFT_STATUS,CRITICAL,5000.0,40.0,0.007,5,4,3,2,1,ELEVATED,56.28,0.8374,LOW_CONFIDENCE_FALLBACK,100.0,CRITICAL,True,RAPID_ESCALATION,4.555,True,ADAPTIVE-STANDARD-V1,ADAPTIVE-CRITICAL-V1,ESCALATION,0,False,Mode C: Immediate security escalation from ADAPTIVE-STANDARD-V1 to ADAPTIVE-CRITICAL-V1. Selected ADAPTIVE-CRITICAL-V1 (CRITICAL) for CRITICAL traffic under CRITICAL threat. All safety invariants and latency constraints are satisfied.,543.8298,0.1435,0.0735,544.0468,384,1450.0,True,SCN-010,SCN-010: Full Flight Mission Lifecycle
27,52.0,CONTESTED_ENCOUNTER,AIRCRAFT_STATUS,CRITICAL,5000.0,40.0,0.007,5,4,3,2,1,ELEVATED,56.28,0.8374,LOW_CONFIDENCE_FALLBACK,100.0,CRITICAL,True,RAPID_ESCALATION,6.901,True,ADAPTIVE-CRITICAL-V1,ADAPTIVE-CRITICAL-V1,STABLE,0,False,Mode C: Profile maintained at ADAPTIVE-CRITICAL-V1.,514.3644,0.179,0.1068,0.2858,384,1450.0,True,SCN-010,SCN-010: Full Flight Mission Lifecycle
28,54.0,CONTESTED_ENCOUNTER,AIRCRAFT_STATUS,CRITICAL,5000.0,40.0,0.007,5,4,3,2,1,ELEVATED,56.28,0.8374,LOW_CONFIDENCE_FALLBACK,100.0,CRITICAL,True,RAPID_ESCALATION,7.737,True,ADAPTIVE-CRITICAL-V1,ADAPTIVE-CRITICAL-V1,STABLE,0,False,Mode C: Profile maintained at ADAPTIVE-CRITICAL-V1.,520.8986,0.1911,0.0676,0.2587,384,1450.0,True,SCN-010,SCN-010: Full Flight Mission Lifecycle
29,56.0,CONTESTED_ENCOUNTER,AIRCRAFT_STATUS,CRITICAL,5000.0,40.0,0.007,5,4,3,2,1,ELEVATED,56.28,0.8374,LOW_CONFIDENCE_FALLBACK,100.0,CRITICAL,True,RAPID_ESCALATION,7.573,True,ADAPTIVE-CRITICAL-V1,ADAPTIVE-CRITICAL-V1,STABLE,0,False,Mode C: Profile maintained at ADAPTIVE-CRITICAL-V1.,528.9601,0.22,0.1132,0.3332,384,1450.0,True,SCN-010,SCN-010: Full Flight Mission Lifecycle
30,58.0,CONTESTED_ENCOUNTER,AIRCRAFT_STATUS,CRITICAL,5000.0,40.0,0.007,5,4,3,2,1,ELEVATED,56.28,0.8374,LOW_CONFIDENCE_FALLBACK,100.0,CRITICAL,True,RAPID_ESCALATION,6.774,True,ADAPTIVE-CRITICAL-V1,ADAPTIVE-CRITICAL-V1,STABLE,0,False,Mode C: Profile maintained at ADAPTIVE-CRITICAL-V1.,515.3964,0.1489,0.0708,0.2197,384,1450.0,True,SCN-010,SCN-010: Full Flight Mission Lifecycle
31,60.0,CONTESTED_ENCOUNTER,AIRCRAFT_STATUS,CRITICAL,5000.0,40.0,0.007,5,4,3,2,1,ELEVATED,56.28,0.8374,LOW_CONFIDENCE_FALLBACK,100.0,CRITICAL,True,RAPID_ESCALATION,5.599,True,ADAPTIVE-CRITICAL-V1,ADAPTIVE-CRITICAL-V1,STABLE,0,False,Mode C: Profile maintained at ADAPTIVE-CRITICAL-V1.,531.2246,0.1344,0.0688,0.2032,384,1450.0,True,SCN-010,SCN-010: Full Flight Mission Lifecycle
32,62.0,CONTESTED_ENCOUNTER,AIRCRAFT_STATUS,CRITICAL,5000.0,40.0,0.007,5,4,3,2,1,ELEVATED,56.28,0.8374,LOW_CONFIDENCE_FALLBACK,100.0,CRITICAL,True,RAPID_ESCALATION,4.229,True,ADAPTIVE-CRITICAL-V1,ADAPTIVE-CRITICAL-V1,STABLE,0,False,Mode C: Profile maintained at ADAPTIVE-CRITICAL-V1.,544.4153,0.1528,0.0832,0.236,384,1450.0,True,SCN-010,SCN-010: Full Flight Mission Lifecycle
33,64.0,CONTESTED_ENCOUNTER,AIRCRAFT_STATUS,CRITICAL,5000.0,40.0,0.007,5,4,3,2,1,ELEVATED,56.28,0.8374,LOW_CONFIDENCE_FALLBACK,100.0,CRITICAL,True,RAPID_ESCALATION,2.79,True,ADAPTIVE-CRITICAL-V1,ADAPTIVE-CRITICAL-V1,STABLE,0,False,Mode C: Profile maintained at ADAPTIVE-CRITICAL-V1.,1955.2635,8.148,0.2461,8.3941,384,1450.0,True,SCN-010,SCN-010: Full Flight Mission Lifecycle
34,66.0,CONTESTED_ENCOUNTER,AIRCRAFT_STATUS,CRITICAL,5000.0,40.0,0.007,5,4,3,2,1,ELEVATED,56.28,0.8374,LOW_CONFIDENCE_FALLBACK,100.0,CRITICAL,True,MODERATE_INCREASE,1.363,False,ADAPTIVE-CRITICAL-V1,ADAPTIVE-CRITICAL-V1,STABLE,0,False,Mode C: Profile maintained at ADAPTIVE-CRITICAL-V1.,4328.0274,0.3422,0.1888,0.531,384,1450.0,True,SCN-010,SCN-010: Full Flight Mission Lifecycle
35,68.0,CONTESTED_ENCOUNTER,AIRCRAFT_STATUS,CRITICAL,5000.0,40.0,0.007,5,4,3,2,1,ELEVATED,56.28,0.8374,LOW_CONFIDENCE_FALLBACK,100.0,CRITICAL,True,STABLE,0.0,False,ADAPTIVE-CRITICAL-V1,ADAPTIVE-CRITICAL-V1,STABLE,0,False,Mode C: Profile maintained at ADAPTIVE-CRITICAL-V1.,2558.4677,1.6964,0.2912,1.9876,384,1450.0,True,SCN-010,SCN-010: Full Flight Mission Lifecycle
36,70.0,RECOVERY,AIRCRAFT_STATUS,ROUTINE,5000.0,25.0,0.0001,0,0,0,0,0,NORMAL,8.76,0.9818,HIGH_CONFIDENCE,18.24,NOMINAL,False,RECOVERING,-4.555,False,ADAPTIVE-CRITICAL-V1,ADAPTIVE-CRITICAL-V1,DOWNGRADE_HELD,1,False,Mode C: Anti-oscillation hold active: candidate ADAPTIVE-STANDARD-V1 requires lower assurance than active ADAPTIVE-CRITICAL-V1. Retaining ADAPTIVE-CRITICAL-V1 (dwell count 1/3).,2761.41,0.4078,0.206,0.6138,384,1450.0,True,SCN-010,SCN-010: Full Flight Mission Lifecycle
37,72.0,RECOVERY,AIRCRAFT_STATUS,ROUTINE,5000.0,25.0,0.0001,0,0,0,0,0,NORMAL,8.76,0.9818,HIGH_CONFIDENCE,18.24,NOMINAL,False,RECOVERING,-6.901,False,ADAPTIVE-CRITICAL-V1,ADAPTIVE-CRITICAL-V1,DOWNGRADE_HELD,2,False,Mode C: Anti-oscillation hold active: candidate ADAPTIVE-STANDARD-V1 requires lower assurance than active ADAPTIVE-CRITICAL-V1. Retaining ADAPTIVE-CRITICAL-V1 (dwell count 2/3).,4360.7537,0.368,0.1978,0.5658,384,1450.0,True,SCN-010,SCN-010: Full Flight Mission Lifecycle
38,74.0,RECOVERY,AIRCRAFT_STATUS,ROUTINE,5000.0,25.0,0.0001,0,0,0,0,0,NORMAL,8.76,0.9818,HIGH_CONFIDENCE,18.24,NOMINAL,False,RECOVERING,-7.737,False,ADAPTIVE-CRITICAL-V1,ADAPTIVE-STANDARD-V1,DOWNGRADE_EXECUTED,0,False,Mode C: Safe downgrade executed from ADAPTIVE-CRITICAL-V1 to ADAPTIVE-STANDARD-V1 after 3 consecutive stable low-threat steps. Selected ADAPTIVE-STANDARD-V1 (STANDARD) for ROUTINE traffic under NORMAL threat. All safety invariants and latency constraints are satisfied.,15.9925,0.3711,0.2358,16.5994,128,185.0,True,SCN-010,SCN-010: Full Flight Mission Lifecycle
39,76.0,RECOVERY,AIRCRAFT_STATUS,ROUTINE,5000.0,25.0,0.0001,0,0,0,0,0,NORMAL,8.76,0.9818,HIGH_CONFIDENCE,18.24,NOMINAL,False,RECOVERING,-7.573,False,ADAPTIVE-STANDARD-V1,ADAPTIVE-STANDARD-V1,STABLE,0,False,Mode C: Profile maintained at ADAPTIVE-STANDARD-V1.,13.271,0.4225,0.2563,0.6788,128,185.0,True,SCN-010,SCN-010: Full Flight Mission Lifecycle
40,78.0,RECOVERY,AIRCRAFT_STATUS,ROUTINE,5000.0,25.0,0.0001,0,0,0,0,0,NORMAL,8.76,0.9818,HIGH_CONFIDENCE,18.24,NOMINAL,False,RECOVERING,-6.774,False,ADAPTIVE-STANDARD-V1,ADAPTIVE-STANDARD-V1,STABLE,0,False,Mode C: Profile maintained at ADAPTIVE-STANDARD-V1.,17.4234,0.4352,0.281,0.7162,128,185.0,True,SCN-010,SCN-010: Full Flight Mission Lifecycle
41,80.0,DESCENT_APPROACH,AIRCRAFT_STATUS,ROUTINE,5000.0,25.0,0.0001,0,0,0,0,0,NORMAL,8.76,0.9818,HIGH_CONFIDENCE,18.24,NOMINAL,False,RECOVERING,-5.599,False,ADAPTIVE-STANDARD-V1,ADAPTIVE-STANDARD-V1,STABLE,0,False,Mode C: Profile maintained at ADAPTIVE-STANDARD-V1.,10.7462,0.3034,0.252,0.5554,128,185.0,True,SCN-010,SCN-010: Full Flight Mission Lifecycle
42,82.0,DESCENT_APPROACH,AIRCRAFT_STATUS,ROUTINE,5000.0,25.0,0.0001,0,0,0,0,0,NORMAL,8.76,0.9818,HIGH_CONFIDENCE,18.24,NOMINAL,False,RECOVERING,-4.229,False,ADAPTIVE-STANDARD-V1,ADAPTIVE-STANDARD-V1,STABLE,0,False,Mode C: Profile maintained at ADAPTIVE-STANDARD-V1.,10.3502,1.8349,0.3594,2.1943,128,185.0,True,SCN-010,SCN-010: Full Flight Mission Lifecycle
43,84.0,DESCENT_APPROACH,AIRCRAFT_STATUS,ROUTINE,5000.0,25.0,0.0001,0,0,0,0,0,NORMAL,8.76,0.9818,HIGH_CONFIDENCE,18.24,NOMINAL,False,RECOVERING,-2.79,False,ADAPTIVE-STANDARD-V1,ADAPTIVE-STANDARD-V1,STABLE,0,False,Mode C: Profile maintained at ADAPTIVE-STANDARD-V1.,9.9248,0.2763,0.2191,0.49539999999999995,128,185.0,True,SCN-010,SCN-010: Full Flight Mission Lifecycle
44,86.0,DESCENT_APPROACH,AIRCRAFT_STATUS,ROUTINE,5000.0,25.0,0.0001,0,0,0,0,0,NORMAL,8.76,0.9818,HIGH_CONFIDENCE,18.24,NOMINAL,False,DECREASING,-1.363,False,ADAPTIVE-STANDARD-V1,ADAPTIVE-STANDARD-V1,STABLE,0,False,Mode C: Profile maintained at ADAPTIVE-STANDARD-V1.,8.8734,0.2835,0.1961,0.47959999999999997,128,185.0,True,SCN-010,SCN-010: Full Flight Mission Lifecycle
45,88.0,DESCENT_APPROACH,AIRCRAFT_STATUS,ROUTINE,5000.0,25.0,0.0001,0,0,0,0,0,NORMAL,8.76,0.9818,HIGH_CONFIDENCE,18.24,NOMINAL,False,STABLE,0.0,False,ADAPTIVE-STANDARD-V1,ADAPTIVE-STANDARD-V1,STABLE,0,False,Mode C: Profile maintained at ADAPTIVE-STANDARD-V1.,8.274,0.2854,0.1799,0.4653,128,185.0,True,SCN-010,SCN-010: Full Flight Mission Lifecycle
46,90.0,LANDING_ROLLOUT,PRIMARY_FLIGHT_CONTROL,SAFETY_CRITICAL,5000.0,25.0,0.0001,0,0,0,0,0,NORMAL,10.41,0.9926,HIGH_CONFIDENCE,18.24,NOMINAL,False,STABLE,0.158,False,ADAPTIVE-STANDARD-V1,ADAPTIVE-CRITICAL-V1,ESCALATION,0,True,Mode C: Immediate security escalation from ADAPTIVE-STANDARD-V1 to ADAPTIVE-CRITICAL-V1. Selected ADAPTIVE-CRITICAL-V1 (CRITICAL) for SAFETY_CRITICAL traffic under NORMAL threat. All safety invariants and latency constraints are satisfied.,3973.7886,0.3566,0.2266,3974.3718,384,1450.0,True,SCN-010,SCN-010: Full Flight Mission Lifecycle
47,92.0,LANDING_ROLLOUT,PRIMARY_FLIGHT_CONTROL,SAFETY_CRITICAL,5000.0,25.0,0.0001,0,0,0,0,0,NORMAL,10.41,0.9926,HIGH_CONFIDENCE,18.24,NOMINAL,False,STABLE,0.24,False,ADAPTIVE-CRITICAL-V1,ADAPTIVE-CRITICAL-V1,STABLE,0,True,Mode C: Profile maintained at ADAPTIVE-CRITICAL-V1.,2907.0162,0.4366,0.2789,0.7155,384,1450.0,True,SCN-010,SCN-010: Full Flight Mission Lifecycle
48,94.0,LANDING_ROLLOUT,PRIMARY_FLIGHT_CONTROL,SAFETY_CRITICAL,5000.0,25.0,0.0001,0,0,0,0,0,NORMAL,10.41,0.9926,HIGH_CONFIDENCE,18.24,NOMINAL,False,STABLE,0.269,False,ADAPTIVE-CRITICAL-V1,ADAPTIVE-CRITICAL-V1,STABLE,0,True,Mode C: Profile maintained at ADAPTIVE-CRITICAL-V1.,3142.2209,0.3863,0.3201,0.7063999999999999,384,1450.0,True,SCN-010,SCN-010: Full Flight Mission Lifecycle
49,96.0,LANDING_ROLLOUT,PRIMARY_FLIGHT_CONTROL,SAFETY_CRITICAL,5000.0,25.0,0.0001,0,0,0,0,0,NORMAL,10.41,0.9926,HIGH_CONFIDENCE,18.24,NOMINAL,False,STABLE,0.263,False,ADAPTIVE-CRITICAL-V1,ADAPTIVE-CRITICAL-V1,STABLE,0,True,Mode C: Profile maintained at ADAPTIVE-CRITICAL-V1.,4242.8847,0.3488,2.4828,2.8316,384,1450.0,True,SCN-010,SCN-010: Full Flight Mission Lifecycle
50,98.0,LANDING_ROLLOUT,PRIMARY_FLIGHT_CONTROL,SAFETY_CRITICAL,5000.0,25.0,0.0001,0,0,0,0,0,NORMAL,10.41,0.9926,HIGH_CONFIDENCE,18.24,NOMINAL,False,STABLE,0.235,False,ADAPTIVE-CRITICAL-V1,ADAPTIVE-CRITICAL-V1,STABLE,0,True,Mode C: Profile maintained at ADAPTIVE-CRITICAL-V1.,2739.3842,0.3317,0.2339,0.5656,384,1450.0,True,SCN-010,SCN-010: Full Flight Mission Lifecycle
